anime_id,episodes,members,rating,label
5114,64,793665,9.26,0
28977,51,114262,9.25,0
9253,24,673572,9.17,0
9969,51,151266,9.16,0
32935,10,93351,9.15,0
11061,148,425855,9.13,0
15417,13,81109,9.11,0
4181,24,456749,9.06,0
918,201,336376,9.04,0
2904,25,572888,8.98,0
28891,25,179342,8.93,0
23273,22,416397,8.92,0
24701,10,75894,8.88,0
1575,25,715151,8.83,0
263,75,157670,8.83,0
1,26,486824,8.82,0
30276,12,552458,8.82,0
17074,26,205959,8.8,0
21939,10,101351,8.8,0
457,26,300030,8.78,0
2001,27,562962,8.78,0
245,43,268487,8.77,0
32983,13,38865,8.76,0
5258,26,88995,8.75,0
11665,13,98431,8.75,0
11741,12,340973,8.73,0
19,74,247562,8.72,0
12365,25,133620,8.71,0
1535,37,1013917,8.71,0
30654,25,176475,8.68,0
20583,25,284498,8.68,0
19647,25,66756,8.68,0
10379,13,102322,8.67,0
22135,11,97187,8.67,0
31043,12,402381,8.65,0
7785,11,122531,8.65,0
3297,13,56162,8.64,0
6114,26,139474,8.64,0
31240,25,355839,8.64,0
5300,13,114173,8.64,0
9989,11,463835,8.62,0
24415,25,184525,8.62,0
28171,24,348951,8.61,0
32995,12,103178,8.61,0
26055,24,93657,8.6,0
22535,24,425457,8.59,0
28735,13,71295,8.59,0
12431,99,72958,8.59,0
16894,25,243325,8.58,0
5028,25,28653,8.58,0
801,26,113993,8.57,0
31933,39,74074,8.57,0
17389,39,31234,8.57,0
170,101,82570,8.56,0
10162,11,194855,8.56,0
32182,12,193716,8.55,0
877,47,197256,8.55,0
2251,13,363215,8.54,0
16498,25,896229,8.54,0
10030,25,151561,8.53,0
5941,50,53108,8.53,0
13125,25,288376,8.53,0
14397,25,86074,8.52,0
10087,13,453630,8.51,0
14719,26,190197,8.51,0
9756,12,462974,8.51,0
10165,26,254436,8.52,0
13601,22,509109,8.5,0
22789,12,225927,8.5,0
30230,51,38531,8.5,0
18115,25,245026,8.5,0
205,26,390076,8.5,0
32282,13,185015,8.5,0
6594,12,207241,8.49,0
7655,25,24788,8.49,0
2246,12,88850,8.49,0
25835,24,146895,8.49,0
2921,47,6259,8.48,2
136,62,166255,8.48,0
30503,13,299434,8.48,0
12531,12,146592,8.48,0
467,26,194491,8.47,0
19815,12,602291,8.47,0
2559,33,15074,8.47,0
392,112,195017,8.47,0
486,13,102822,8.46,0
11771,25,338315,8.46,0
1698,23,157025,8.46,0
5341,12,210491,8.46,0
28701,13,205987,8.45,0
5420,50,36751,8.45,0
4224,25,633817,8.45,0
31181,12,107855,8.43,0
45,94,218928,8.43,0
22297,12,267484,8.42,0
627,26,41061,8.42,0
23755,24,331627,8.42,0
4081,13,210736,8.42,0
1889,24,218101,8.41,0
558,26,30689,8.41,0
5040,25,83056,8.41,0
57,26,148328,8.4,0
33,25,226430,8.4,0
1842,26,29528,8.4,0
1210,24,291228,8.4,0
338,40,32188,8.4,0
13759,24,380375,8.4,0
6547,13,717796,8.39,0
5081,15,482268,8.39,0
32867,12,83641,8.39,0
853,26,422271,8.39,0
6746,24,556431,8.38,0
5690,11,67697,8.38,0
329,26,105044,8.38,0
1142,12,61493,8.37,0
6811,26,99128,8.37,0
1604,203,258103,8.37,0
22145,10,122895,8.37,0
2966,13,334932,8.37,0
31964,13,282002,8.36,0
19363,11,67032,8.36,0
18195,13,71820,8.36,0
9863,77,101027,8.36,0
7674,25,246899,8.35,0
11843,12,258914,8.35,0
3226,26,28002,8.35,0
3091,13,74941,8.34,0
28223,12,383914,8.33,0
121,51,600384,8.33,0
3002,26,98996,8.33,0
10800,25,158561,8.32,0
813,291,375662,8.32,0
16067,26,224947,8.32,0
30,26,461946,8.32,0
6,26,283069,8.32,0
11123,12,69253,8.31,0
23847,13,222994,8.31,0
962,26,39596,8.3,0
1519,12,203233,8.3,0
2167,23,566690,8.3,0
16706,12,142612,8.3,0
10271,26,55566,8.29,0
22507,4,19702,8.29,2
3701,12,56927,8.29,0
33255,120,47092,8.29,0
25681,12,91796,8.28,0
4722,25,134818,8.28,0
24277,24,50778,8.28,0
239,24,103828,8.27,0
4477,11,70822,8.27,0
31174,25,60988,8.27,0
23327,13,60918,8.27,0
7054,26,391628,8.26,0
23283,11,342893,8.26,0
2025,25,440334,8.25,0
18689,75,81384,8.25,0
22043,102,255076,8.25,0
31988,13,47716,8.25,0
20899,24,120089,8.25,0
1453,96,22079,8.25,2
23623,12,64230,8.26,0
1559,50,129112,8.25,0
23289,12,292622,8.24,0
18,24,41584,8.24,0
4814,12,87617,8.24,0
12031,38,54211,8.24,0
8129,11,108053,8.24,0
14513,25,317513,8.24,0
2581,25,120351,8.24,0
30015,13,202249,8.24,0
1827,26,106888,8.24,0
25013,24,216674,8.23,0
27833,12,115295,8.23,0
1974,51,17038,8.23,2
8425,24,232113,8.23,0
185,26,68128,8.23,0
18679,24,508118,8.23,0
2034,24,235003,8.23,0
721,38,73218,8.23,0
2402,79,15442,8.22,2
6702,175,584590,8.22,0
31741,13,73480,8.22,0
440,39,77464,8.22,0
72,12,171086,8.21,0
3927,25,86972,8.21,0
11597,11,260062,8.21,0
28025,4,111009,8.21,0
24833,22,312654,8.2,0
27663,25,36251,8.2,0
1482,103,334399,8.2,0
33051,25,21210,8.2,2
7720,13,22190,8.2,2
1914,39,23160,8.2,2
2164,26,76860,8.19,0
237,50,239570,8.19,0
135,75,69000,8.19,0
6045,25,309339,8.19,0
6211,11,121349,8.19,0
232,70,181249,8.18,0
4789,12,103657,8.18,0
16918,11,116261,8.18,0
16,24,130646,8.18,0
1486,102,27893,8.18,2
25879,13,80763,8.18,0
889,12,332562,8.17,0
934,26,359494,8.17,0
12189,22,372246,8.17,0
1530,24,163171,8.17,0
9656,12,171866,8.17,0
20507,12,515378,8.17,0
14075,24,259900,8.17,0
223,153,316102,8.16,0
2004,25,6321,8.16,2
25649,12,39866,8.16,0
153,45,66646,8.16,0
302,26,15557,8.16,2
5682,26,159105,8.16,0
16049,24,137105,8.16,0
1065,101,12833,8.16,2
18179,38,91138,8.16,0
23199,12,189407,8.15,0
10049,24,75612,8.15,0
846,26,93095,8.15,0
9926,12,94820,8.15,0
31173,12,80862,8.14,0
589,21,10575,8.14,2
15059,14,26711,8.14,2
7791,26,246276,8.14,0
17265,25,387100,8.14,0
535,26,39832,8.14,0
2762,24,5063,8.13,2
14713,13,189641,8.13,0
31098,13,43916,8.13,0
33253,13,51382,8.12,0
1471,63,8199,8.12,2
27831,12,132506,8.12,0
2924,12,151106,8.12,0
3907,52,5308,8.12,2
186,13,45825,8.12,0
10080,12,194300,8.12,0
9941,25,104075,8.12,0
14813,13,353876,8.12,0
21855,5,124886,8.11,0
11739,13,44564,8.11,0
2159,25,49599,8.11,0
28297,24,200833,8.11,0
861,24,150872,8.11,0
9996,39,10649,8.1,2
77,13,41685,8.1,0
32093,12,101335,8.1,0
5678,24,88986,8.09,0
6774,11,41521,8.09,0
15,145,83648,8.08,0
122,52,59374,8.08,0
29095,10,111962,8.08,0
1594,26,79816,8.08,0
3092,12,117910,8.08,0
10721,24,156689,8.08,0
3588,51,580184,8.08,0
387,13,120731,8.07,0
1088,36,44157,8.07,0
10620,26,657190,8.07,0
6582,26,4584,8.07,2
2158,24,36941,8.07,2
22319,12,618056,8.07,0
6586,50,36921,8.07,2
66,26,170901,8.06,0
73,13,155340,8.06,0
4898,24,424919,8.06,0
19111,13,91864,8.06,0
15689,4,173264,8.06,0
957,39,50951,8.06,0
24,26,178553,8.06,0
849,14,428569,8.06,0
427,51,42253,8.05,2
17549,12,133475,8.05,0
28,69,50876,8.05,0
9513,60,217752,8.04,0
13331,12,81951,8.04,0
29803,13,244268,8.04,0
22,178,87643,8.04,0
2618,26,5306,8.04,2
30279,12,44335,8.04,0
2035,12,11903,8.03,2
790,23,265005,8.03,0
9289,26,150393,8.03,0
15809,13,409037,8.03,0
27989,13,134694,8.03,0
5630,11,276593,8.03,0
2829,23,6528,8.03,2
30831,10,244877,8.03,0
85,50,28959,8.03,2
30240,12,227734,8.03,0
1254,114,70559,8.03,0
2605,12,174531,8.03,0
3228,13,74040,8.03,0
1485,35,8353,8.02,2
3572,25,95551,8.02,0
114,26,67254,8.02,0
658,26,48127,8.02,0
32370,13,72499,8.01,0
22777,61,42666,8.01,2
29787,12,38102,8.01,2
7062,12,15748,8.01,2
11887,13,283847,8.01,0
12815,50,44668,8.01,2
6377,13,55402,8.01,0
1470,51,19963,8.0,2
996,34,52586,7.99,0
11239,12,12590,7.99,2
967,109,40271,7.99,2
1695,52,9605,7.99,2
339,13,215829,7.99,0
7724,22,251093,7.99,0
8516,13,183722,7.98,0
19319,25,31606,7.98,2
400,24,78600,7.98,0
18245,13,91075,7.98,0
10521,13,117328,7.98,0
28907,12,244314,7.97,0
31637,12,153501,7.97,0
1571,25,126426,7.97,0
267,26,95825,7.97,0
253,26,22214,7.97,2
4080,39,19510,7.97,2
27947,24,16938,7.97,2
3750,13,11779,7.97,2
569,26,19841,7.97,2
397,10,13888,7.97,2
17909,13,64897,7.96,0
21185,25,59818,7.96,0
12413,12,137610,7.96,0
2076,148,8655,7.96,2
31251,25,60525,7.96,0
5485,26,7872,7.96,2
5005,26,12236,7.96,2
890,49,10031,7.96,2
269,366,624055,7.95,0
14741,12,394399,7.95,0
1472,13,6723,7.95,2
33028,11,65503,7.95,0
6033,97,116832,7.95,0
8525,12,284846,7.95,0
19703,10,67732,7.95,0
25517,24,43545,7.95,2
31764,13,86475,7.95,0
27775,13,213493,7.95,0
2104,26,165008,7.95,0
24893,12,57665,7.95,0
2150,78,7761,7.95,2
12445,12,172367,7.95,0
22265,13,150596,7.94,0
97,26,104193,7.94,0
12403,12,83097,7.94,0
31646,23,59492,7.93,0
32998,12,140604,7.93,0
30123,12,157551,7.93,0
31339,12,102857,7.93,0
516,358,31632,7.93,2
1425,155,10873,7.93,2
93,50,96973,7.93,0
322,12,86380,7.93,0
7588,12,40819,7.93,2
1172,26,32742,7.93,2
202,26,171863,7.93,0
9919,25,583823,7.92,0
1818,26,316853,7.92,0
17895,24,273191,7.92,0
4192,25,67323,7.92,0
10357,12,89373,7.92,0
5530,25,229567,7.92,0
388,52,9711,7.91,2
28999,13,310137,7.91,0
1473,13,6337,7.91,2
18897,20,347599,7.91,0
31592,47,15627,7.91,2
28677,12,193566,7.91,0
7193,12,93074,7.9,0
21405,12,159793,7.9,0
6024,104,16670,7.9,2
1491,113,12672,7.9,2
106,51,28341,7.9,2
5835,39,37051,7.9,2
3604,13,19180,7.9,2
2828,51,4479,7.9,2
4087,22,82625,7.9,0
582,48,6473,7.9,2
8311,25,36228,7.9,2
21995,12,227417,7.89,0
532,38,66911,7.89,0
552,54,182208,7.89,0
7645,49,12825,7.89,2
249,167,281632,7.89,0
80,43,51566,7.89,2
1562,25,92088,7.89,0
11111,12,534657,7.88,0
28249,25,152811,7.88,0
13535,13,117091,7.88,0
28121,13,336349,7.88,0
251,78,58150,7.88,2
18153,12,359011,7.88,0
795,39,11424,7.88,2
479,51,60027,7.88,0
32189,12,83343,7.87,0
31859,12,213342,7.87,0
15451,12,266657,7.87,0
5680,13,386048,7.87,0
1887,24,305837,7.87,0
90,49,86001,7.87,0
210,161,105212,7.87,0
19775,12,118341,7.87,0
534,26,73476,7.87,0
2582,52,9008,7.87,2
407,45,16591,7.87,2
6213,24,231079,7.87,0
1000,42,14869,7.87,2
1375,40,5600,7.87,2
951,142,4739,7.86,2
2508,12,55825,7.86,2
396,13,18580,7.86,2
8407,12,146697,7.86,0
20057,13,123529,7.86,0
9074,13,80394,7.85,0
226,13,623511,7.85,0
2405,36,1757,7.85,2
10460,13,86196,7.85,0
444,13,14983,7.85,2
15315,10,218231,7.85,0
1699,24,91530,7.85,0
22199,24,492133,7.84,0
14941,13,22302,7.84,2
20431,13,47619,7.84,2
28927,12,190058,7.84,0
20847,13,98544,7.84,0
2451,31,6919,7.84,2
8937,24,184520,7.84,0
12883,12,90625,7.84,0
6347,13,301282,7.83,0
3841,104,36307,7.83,2
8086,24,130689,7.83,0
290,13,26379,7.83,2
154,64,169517,7.83,0
11757,25,893100,7.83,0
5074,12,29622,7.83,2
31733,13,16530,7.83,2
1690,24,81408,7.82,0
18055,13,33466,7.82,2
27991,13,114904,7.82,0
3545,373,4734,7.82,2
9510,8,26468,7.82,2
13663,12,135929,7.82,0
6956,13,189367,7.82,0
9441,13,20397,7.82,2
233,78,12673,7.81,2
345,12,23877,7.81,2
71,24,256325,7.81,0
10793,22,460959,7.81,0
160,13,56839,7.81,2
3713,26,58993,7.81,2
13203,13,22796,7.81,2
2963,13,105471,7.81,0
20,220,683297,7.81,0
31953,12,91932,7.81,0
150,50,208321,7.8,0
60,24,140865,7.8,0
120,26,242553,7.8,0
74,26,52995,7.8,2
8426,11,53426,7.8,2
2547,46,7515,7.8,2
22101,12,99462,7.8,0
182,26,83437,7.8,0
28979,12,73909,7.8,0
16011,24,171384,7.8,0
477,13,76913,7.79,0
2229,46,8999,7.79,2
228,26,172415,7.79,0
24135,10,25167,7.79,2
8795,13,157642,7.79,0
12021,52,13832,7.79,2
17249,51,4838,7.79,2
18119,13,81037,7.79,0
2787,24,184525,7.79,0
31580,13,160972,7.78,0
4725,12,145102,7.78,0
10790,10,180032,7.78,0
14511,13,31394,7.78,2
7592,24,122976,7.78,0
32729,13,165358,7.78,0
2112,26,28007,7.78,2
30296,12,188685,7.78,0
65,12,72645,7.78,0
3470,24,173603,7.78,0
26,22,95859,7.78,0
1293,195,23020,7.78,2
856,26,91034,7.78,0
2214,17,6063,7.77,2
123,52,61622,7.77,2
488,12,46333,7.77,2
21843,12,143701,7.77,0
14227,13,349836,7.77,0
11319,12,174026,7.77,0
31478,12,187805,7.76,0
2471,1787,14233,7.76,1
240,12,104258,7.76,0
9065,10,49771,7.76,2
3731,25,136279,7.76,0
1412,23,34373,7.76,2
20785,26,285317,7.76,0
2985,25,42730,7.76,2
1483,24,9610,7.76,2
10161,11,168017,7.76,0
5507,26,77591,7.76,0
6444,25,70987,7.76,0
95,50,20056,7.76,2
20031,12,154548,7.75,0
28669,50,5098,7.74,2
2026,52,130085,7.75,0
32491,4,38765,7.75,2
331,45,3725,7.75,2
10278,25,81155,7.75,0
2557,40,2839,7.75,2
24405,73,106872,7.75,0
4416,12,1780,7.75,2
740,43,73305,7.74,0
2213,61,15552,7.74,2
17,52,13469,7.74,2
24439,12,220573,7.74,0
1915,26,35442,7.74,2
323,13,137687,7.74,0
584,24,56244,7.74,2
6634,12,42798,7.74,2
355,24,297058,7.74,0
30549,13,6787,7.74,2
1279,39,5424,7.74,2
10033,147,54790,7.74,2
32979,13,40945,7.73,2
132,49,73536,7.73,0
14467,13,297051,7.73,0
1606,52,61884,7.73,2
2227,21,2681,7.73,2
7627,13,56483,7.73,2
6773,24,133010,7.73,0
1650,26,10688,7.73,2
2558,40,2577,7.73,2
1840,12,235684,7.73,0
5231,127,42677,7.72,2
12487,13,46781,7.72,2
324,47,16130,7.72,2
709,52,11684,7.72,2
7647,13,162622,7.71,0
530,46,146521,7.71,0
1281,19,42033,7.71,2
24765,12,140094,7.71,0
129,50,31179,7.71,2
7661,26,36947,7.71,2
24703,12,192171,7.71,0
6116,142,1707,7.71,2
8675,13,217617,7.71,0
1557,26,33321,7.71,2
14289,13,233410,7.71,0
29854,26,90931,7.71,0
11433,12,169718,7.7,0
31821,8,53577,7.7,2
14967,12,214319,7.7,0
11617,12,398660,7.7,0
914,26,7988,7.7,2
21327,12,139601,7.7,0
10568,12,130502,7.7,0
1087,48,16012,7.7,2
15051,13,155281,7.7,0
11933,12,133216,7.7,0
969,26,79166,7.7,0
32681,13,50236,7.7,2
10495,12,148140,7.7,0
880,22,42026,7.69,2
15061,178,16990,7.69,2
857,25,194611,7.69,0
110,52,8586,7.69,2
23251,12,87824,7.69,0
587,6,65125,7.69,2
11013,12,216204,7.69,0
1579,25,63134,7.69,2
21105,10,83397,7.69,0
3001,11,44465,7.69,2
23277,12,155795,7.69,0
4654,24,313114,7.69,0
18139,21,82568,7.69,0
16005,12,61919,7.69,2
22147,13,217003,7.68,0
1946,50,13742,7.68,2
67,24,98144,7.68,0
14345,12,329561,7.68,0
340,26,13959,7.68,2
10588,25,134942,7.68,0
5958,13,227681,7.68,0
455,26,17773,7.67,2
18507,12,265791,7.67,0
17729,13,178166,7.67,0
8217,52,4110,7.67,2
31798,12,197912,7.67,0
8841,12,295782,7.67,0
11371,13,30630,7.67,2
32542,12,171452,7.67,0
2268,98,5652,7.67,2
177,26,134705,7.67,0
22729,12,244193,7.66,0
14131,12,104275,7.66,0
2002,26,62530,7.66,2
145,26,94165,7.66,0
250,150,51403,7.66,2
23321,25,215817,7.66,0
1873,37,1718,7.66,2
2562,22,20553,7.66,2
32673,12,33885,7.66,2
1985,74,4381,7.66,2
12291,12,127973,7.65,0
874,51,94391,7.65,0
31376,12,95933,7.65,0
1251,39,24229,7.65,2
2012,49,8908,7.65,2
5162,13,45233,7.65,2
3673,22,21009,7.65,2
26243,12,315630,7.65,0
16241,13,20640,7.65,2
1239,39,55056,7.64,2
270,13,308995,7.64,0
1356,43,11090,7.64,2
1567,43,8794,7.64,2
13655,26,138655,7.64,0
334,76,24745,7.64,2
209,26,47053,7.64,2
16524,13,170754,7.64,0
32899,12,57638,7.64,2
10216,13,42147,7.64,2
32828,12,95339,7.63,0
13115,12,29485,7.63,2
5494,39,2723,7.63,2
6604,50,2526,7.63,2
32526,13,45246,7.63,2
14527,12,66972,7.63,2
2835,49,2409,7.63,2
2549,53,1744,7.63,2
28497,12,218747,7.63,0
1651,26,3461,7.63,2
691,124,6437,7.63,2
11759,24,324284,7.62,0
6573,12,222243,7.62,0
21743,12,57649,7.62,2
31706,12,30457,7.62,2
364,37,6806,7.62,2
4060,24,1938,7.62,2
23269,12,33295,7.63,2
96,49,36338,7.62,2
3420,12,54000,7.62,2
10378,12,45613,7.62,2
3369,20,3735,7.62,2
5075,48,1116,7.62,2
1195,13,346828,7.62,0
11235,13,73813,7.61,2
586,11,34938,7.61,2
4981,24,80307,7.61,0
2409,26,8131,7.61,2
4039,50,18687,7.61,2
22693,52,3085,7.61,2
1563,29,19209,7.61,2
9181,12,134988,7.61,0
1608,20,4151,7.61,2
5277,13,113911,7.61,0
18523,13,30726,7.61,2
2923,51,121108,7.61,0
18497,13,58245,7.61,2
283,50,9460,7.6,2
18671,12,208885,7.6,0
32948,11,28620,7.6,2
3213,35,805,7.6,2
21273,12,82999,7.6,0
2330,26,6036,7.6,2
218,26,27976,7.6,2
8476,13,61957,7.6,2
10257,51,9431,7.6,2
23281,11,228435,7.6,0
166,26,74991,7.6,2
8557,12,95242,7.6,0
6802,12,84390,7.6,0
30911,12,107325,7.6,0
200,50,15077,7.6,2
3613,12,38882,7.6,2
3712,12,210891,7.6,0
1454,13,33086,7.59,2
98,26,76492,7.59,2
20541,12,133385,7.59,0
593,26,22714,7.59,2
708,26,2629,7.59,2
2596,22,78469,7.59,2
5262,51,60384,7.59,2
1372,47,12156,7.59,2
2337,26,1826,7.59,2
102,26,63959,7.58,2
2800,115,11893,7.58,2
356,24,374880,7.58,0
4061,23,1169,7.58,2
9834,13,55252,7.58,2
5854,26,1377,7.58,2
2257,75,1825,7.58,2
1459,49,8546,7.58,2
8676,25,157223,7.57,0
10719,12,325664,7.57,0
59,26,266846,7.57,0
4186,24,103615,7.57,0
15613,13,61017,7.57,2
6895,12,90612,7.57,0
379,26,68198,7.57,2
490,26,38532,7.57,2
64,12,128688,7.57,0
5671,25,55970,7.57,2
5355,12,93940,7.57,0
1728,52,10369,7.57,2
567,26,45843,7.57,2
481,224,132099,7.57,0
18465,13,29952,7.56,2
852,50,7279,7.56,2
131,26,11233,7.56,2
879,26,24664,7.56,2
1642,51,16484,7.56,2
5712,26,2740,7.56,2
3974,13,50384,7.56,2
2203,22,2587,7.56,2
156,24,51004,7.56,2
29,26,8630,7.56,2
12149,13,37763,7.55,2
18893,12,84708,7.55,0
11633,10,241513,7.55,0
26349,13,122271,7.55,0
27631,13,192433,7.55,0
134,13,106865,7.55,0
28825,12,158041,7.55,0
12679,13,51084,7.55,2
1021,44,8142,7.55,2
6707,12,234955,7.55,0
2518,12,1846,7.55,2
32792,22,9767,7.56,2
19221,10,179569,7.55,0
165,26,66751,7.55,2
25,24,65516,7.55,2
2129,13,118644,7.55,0
1050,76,39041,7.54,2
1222,26,125051,7.54,0
1069,40,3201,7.54,2
13349,13,15661,7.54,2
15583,12,301358,7.54,0
1391,37,2707,7.54,2
2037,61,3589,7.54,2
3199,39,2123,7.54,2
327,26,8030,7.54,2
130,25,16298,7.54,2
2216,12,50091,7.54,2
31680,10,36781,7.54,2
15731,12,10901,7.54,2
696,26,38372,7.54,2
181,13,36264,7.54,2
2608,26,10058,7.54,2
1327,58,6937,7.53,2
24625,25,17946,7.53,2
16009,12,122031,7.53,0
435,20,34141,7.53,2
10110,13,192219,7.53,0
11499,12,222657,7.53,0
29786,12,193822,7.53,0
959,26,4777,7.53,2
10798,11,84499,7.53,2
12711,13,61551,7.53,2
4752,13,198492,7.53,0
183,39,8040,7.53,2
798,12,6871,7.53,2
68,23,150512,7.52,0
2553,52,2411,7.52,2
506,23,4218,7.52,2
142,44,31081,7.52,2
3358,12,59099,7.52,2
76,13,62582,7.52,2
31722,4,81154,7.52,2
31414,24,57920,7.52,2
353,51,5971,7.52,2
1060,24,21109,7.52,2
19369,12,131520,7.52,0
19291,93,30722,7.52,2
167,24,54575,7.52,2
5909,12,110470,7.52,0
24037,12,42918,7.52,2
5233,13,20508,7.52,2
2014,26,5387,7.52,2
27899,12,408357,7.52,0
3972,154,47119,7.52,2
25519,12,59192,7.52,2
1536,26,104607,7.51,0
23311,24,64214,7.51,2
1852,12,42998,7.51,2
2228,47,2214,7.51,2
1808,26,30747,7.51,2
489,12,33053,7.51,2
2929,14,2758,7.51,2
1212,26,24156,7.51,2
11179,12,97674,7.51,0
2903,34,4740,7.51,2
2254,50,1518,7.51,2
960,26,2151,7.51,2
4189,26,13582,7.51,2
33094,13,40779,7.51,2
21435,24,11413,7.51,2
1589,11,44394,7.5,2
2817,26,3560,7.5,2
19163,10,186187,7.5,0
1684,26,1397,7.5,2
25183,12,210752,7.5,0
10870,12,7582,7.5,2
2204,26,6197,7.5,2
1691,24,205338,7.5,0
31227,22,3676,7.5,2
31952,12,69088,7.5,2
1426,50,6883,7.5,2
3342,6,96092,7.5,0
27787,12,180686,7.5,0
10396,12,146570,7.49,0
16592,13,298550,7.49,0
29067,13,73285,7.49,2
501,26,9366,7.49,2
1878,26,2881,7.49,2
16353,13,79493,7.49,2
2253,92,5746,7.49,2
8769,12,321477,7.49,0
11835,34,369,7.49,2
16123,13,19010,7.49,2
30187,12,99665,7.49,0
15751,13,56815,7.49,2
2820,39,957,7.49,2
113,26,15471,7.49,2
970,47,2849,7.49,2
2548,48,3334,7.48,2
101,13,188861,7.48,0
103,74,7581,7.48,2
6880,12,453454,7.48,0
476,12,29837,7.48,2
14811,12,83838,7.48,2
242,13,22009,7.48,2
33241,10,9053,7.48,2
9938,12,38652,7.48,2
2927,24,58211,7.48,2
158,13,33989,7.48,2
23421,12,73903,7.48,2
5984,11,22229,7.48,2
8726,12,31906,7.48,2
3125,34,3057,7.48,2
763,67,27614,7.48,2
6676,13,43725,7.47,2
25731,25,75807,7.47,2
20509,10,56859,7.47,2
344,20,5894,7.47,2
18229,12,107513,7.47,0
21039,12,41220,7.47,2
4551,12,63915,7.47,2
20853,12,164510,7.47,0
633,13,6033,7.47,2
1590,50,1370,7.47,2
17505,26,40155,7.47,2
1655,12,5374,7.47,2
23673,12,145439,7.47,0
7662,13,78952,7.47,2
2942,13,17360,7.47,2
4884,26,74901,7.47,2
1744,172,8713,7.47,2
878,26,20644,7.47,2
4038,51,25876,7.47,2
32696,13,44786,7.46,2
551,24,13584,7.46,2
32648,12,69621,7.46,2
15225,12,201735,7.46,0
8074,12,535892,7.46,0
483,24,17463,7.46,2
1972,26,3985,7.46,2
5273,49,680,7.46,2
710,9,68951,7.46,2
20709,12,67306,7.46,2
15793,13,25750,7.46,2
21573,13,17466,7.46,2
198,24,64627,7.46,2
50,24,96694,7.45,0
31771,12,40481,7.45,2
2986,26,61649,7.45,2
1614,52,19746,7.45,2
15109,12,50019,7.45,2
5684,50,7004,7.45,2
505,51,5074,7.45,2
15863,24,35196,7.45,2
246,51,56353,7.45,2
6574,12,40243,7.45,2
5150,12,54796,7.45,2
714,86,1316,7.45,2
13261,51,11939,7.45,2
519,26,16764,7.45,2
330,13,87938,7.45,2
6712,13,12088,7.45,2
168,26,52784,7.45,2
573,25,17561,7.45,2
5034,12,46709,7.45,2
1548,42,1805,7.45,2
2555,43,1501,7.45,2
855,26,72790,7.45,2
5832,33,2225,7.45,2
15911,12,50351,7.45,2
764,26,16381,7.45,2
20787,13,320267,7.44,0
1450,26,5636,7.44,2
10163,11,156853,7.44,0
1250,26,63193,7.44,2
653,26,6244,7.44,2
14833,12,164445,7.44,0
3655,26,107384,7.44,0
6030,24,86942,7.44,2
238,42,35258,7.44,2
18041,13,46117,7.44,2
17080,13,11882,7.44,2
18277,24,231387,7.44,0
13333,13,80960,7.44,2
27,24,113791,7.44,0
22433,12,46601,7.43,2
485,26,8024,7.43,2
3568,30,1700,7.43,2
15699,12,84442,7.43,2
18295,12,57434,7.43,2
3958,13,94202,7.43,2
845,51,47651,7.43,2
1722,26,52817,7.43,2
13659,13,194791,7.43,0
161,24,35123,7.43,2
527,276,229157,7.43,0
13599,22,107304,7.43,0
32175,12,30363,7.43,2
6381,12,51114,7.43,2
4663,20,1833,7.43,2
2113,38,4914,7.43,2
3036,50,854,7.43,2
25157,12,208796,7.43,0
7058,24,55040,7.43,2
10444,24,12505,7.42,2
332,38,1625,7.42,2
21681,12,55536,7.42,2
3859,26,11761,7.42,2
22817,25,8128,7.42,2
335,26,25098,7.42,2
738,102,28968,7.42,2
12753,25,29878,7.42,2
15651,25,20424,7.42,2
5141,12,12248,7.42,2
2683,12,21972,7.42,2
5525,25,126083,7.41,0
1292,5,135708,7.41,0
3549,26,27571,7.41,2
12875,39,11907,7.41,2
287,24,23220,7.41,2
20689,12,133571,7.41,0
27829,24,68382,7.41,2
1410,13,6863,7.41,2
953,11,44766,7.41,2
147,14,90379,7.41,2
16732,12,78131,7.41,2
7761,12,1123,7.41,2
3225,13,50837,7.41,2
2926,13,115075,7.41,0
272,26,66036,7.41,2
326,4,32696,7.41,2
2744,12,11411,7.41,2
22273,12,80964,7.41,2
5226,26,9852,7.41,2
5356,13,123217,7.4,0
15611,59,9075,7.4,2
940,26,47882,7.4,2
4483,12,14911,7.4,2
99,26,36924,7.4,2
1196,12,5423,7.4,2
4062,72,971,7.4,2
5597,13,30098,7.4,2
12467,13,99788,7.4,0
4114,52,1962,7.4,2
4063,12,182713,7.4,0
944,24,14304,7.4,2
3457,13,286826,7.4,0
935,24,64697,7.4,2
92,39,19132,7.39,2
3006,330,1524,7.39,2
4726,12,46237,7.39,2
27525,10,42499,7.39,2
386,41,4450,7.39,2
1663,52,3685,7.39,2
3335,42,1155,7.39,2
6980,23,9994,7.39,2
28623,12,253027,7.39,0
17247,12,136751,7.39,0
30307,12,181845,7.39,0
6512,12,142264,7.39,0
2486,13,3420,7.39,2
1231,26,8862,7.39,2
306,13,47752,7.38,2
282,50,9550,7.38,2
11697,37,38310,7.38,2
104,24,38336,7.38,2
5675,26,30323,7.38,2
1858,12,19315,7.38,2
411,26,45921,7.38,2
14645,13,26617,7.38,2
9013,49,675,7.38,2
1374,26,12337,7.38,2
3345,30,1096,7.38,2
2152,26,8221,7.38,2
7769,12,145982,7.38,0
4618,12,32835,7.38,2
10884,12,22358,7.38,2
4581,13,71502,7.38,2
152,24,17943,7.38,2
75,25,27516,7.38,2
341,25,36187,7.38,2
30344,12,16736,7.38,2
3009,105,4031,7.38,2
712,50,9559,7.38,2
1674,47,13927,7.37,2
2813,52,3363,7.37,2
3627,13,20581,7.37,2
1313,50,120268,7.37,0
655,13,5046,7.37,2
22013,26,4636,7.37,2
21863,12,108642,7.37,0
4028,13,23679,7.37,2
1965,13,71172,7.37,2
8934,25,66084,7.37,2
10321,13,105723,7.37,0
31178,13,12757,7.37,2
12293,13,151928,7.36,0
2383,13,3607,7.36,2
1678,52,14867,7.36,2
17917,37,1880,7.36,2
14765,25,52569,7.36,2
16035,13,108174,7.36,0
15379,12,123691,7.36,0
3577,26,20883,7.36,2
1013,24,33035,7.36,2
4056,12,1615,7.36,2
8424,12,129672,7.36,0
94,50,65896,7.36,2
13585,11,40958,7.36,2
9893,48,7314,7.36,2
6758,27,35520,7.36,2
7,26,64905,7.36,2
2116,128,36623,7.35,2
61,26,126914,7.35,0
31163,12,130028,7.36,0
3230,12,69683,7.35,2
2484,38,1548,7.35,2
3418,50,801,7.35,2
2544,50,1794,7.35,2
3229,13,66236,7.35,2
3272,137,3623,7.35,2
1516,153,14932,7.35,2
32245,26,46323,7.35,2
3467,12,80820,7.35,2
195,12,99558,7.35,2
28621,11,81230,7.35,2
9241,26,5962,7.35,2
390,26,64161,7.35,2
21881,24,537892,7.35,0
16417,12,128529,7.35,0
30901,25,55851,7.35,2
8915,12,84779,7.34,2
2803,46,1897,7.34,2
1126,13,6860,7.34,2
1524,13,8717,7.34,2
5658,56,1917,7.34,2
958,25,10727,7.34,2
4550,13,33112,7.34,2
25159,12,144370,7.34,0
634,13,41250,7.34,2
28013,26,30308,7.34,2
18391,37,836,7.34,2
2736,74,1218,7.34,2
107,13,21920,7.34,2
2361,51,2764,7.34,2
173,25,27358,7.34,2
3455,26,237563,7.34,0
4896,26,126865,7.34,0
9379,12,149497,7.33,0
29325,10,21805,7.33,2
24231,10,91049,7.33,2
469,24,106142,7.33,0
4879,13,36075,7.33,2
1846,26,5758,7.33,2
22865,12,76880,7.33,2
21561,11,101326,7.33,2
100,13,37394,7.33,2
5504,12,16720,7.33,2
12191,48,10568,7.33,2
1652,25,2568,7.33,2
180,13,53360,7.33,2
10447,26,62753,7.32,2
1683,104,3782,7.32,2
11783,13,55277,7.32,2
2030,26,31874,7.32,2
2624,26,811,7.32,2
1886,52,2387,7.32,2
31737,12,101287,7.32,2
10507,47,18480,7.32,2
28387,12,64307,7.32,2
21563,12,61410,7.32,2
52,26,39758,7.32,2
351,49,7878,7.32,2
14749,13,156116,7.32,0
9981,25,64958,7.32,2
10232,12,25760,7.32,2
30740,12,42139,7.32,2
915,26,7484,7.31,2
2987,46,1329,7.31,2
3010,52,5243,7.31,2
16668,12,96718,7.31,2
274,24,30766,7.31,2
2818,41,835,7.31,2
333,51,1711,7.31,2
6262,127,591,7.31,2
3437,99,1828,7.31,2
1835,55,6670,7.31,2
529,13,58051,7.31,2
79,24,158772,7.31,0
3594,26,50455,7.31,2
1860,14,43632,7.31,2
3322,24,23132,7.31,2
2333,52,2102,7.3,2
6901,50,1135,7.3,2
12651,58,2088,7.3,2
2748,65,2578,7.3,2
3231,13,38498,7.3,2
3298,10,25885,7.3,2
31500,12,38646,7.3,2
12175,12,91552,7.3,2
4903,13,22991,7.3,2
277,14,21393,7.3,2
1017,24,20105,7.3,2
10397,12,77284,7.3,2
16051,12,21125,7.3,2
3000,23,5134,7.3,2
11341,12,11941,7.3,2
178,26,20062,7.3,2
1932,49,6390,7.3,2
30205,12,97674,7.29,2
6164,11,43279,7.29,2
21437,13,44006,7.29,2
7081,44,3682,7.29,2
652,9,6616,7.29,2
395,13,87240,7.29,2
1490,26,5947,7.29,2
5041,26,26176,7.29,2
1371,13,4247,7.29,2
26441,12,75460,7.29,2
5079,23,72750,7.29,2
10456,13,90977,7.29,2
276,12,36656,7.29,2
352,50,8760,7.29,2
6023,12,45161,7.29,2
2108,51,9025,7.29,2
16742,12,257925,7.29,0
3692,48,3619,7.29,2
550,27,89243,7.29,2
1498,12,68626,7.28,2
24031,12,61228,7.28,2
2222,243,5330,7.28,2
14829,10,100392,7.28,2
20457,10,65402,7.28,2
2542,45,4157,7.28,2
189,24,156627,7.28,0
24455,13,114612,7.28,0
2834,51,2033,7.28,2
613,52,3945,7.28,2
1108,26,10449,7.28,2
4382,14,243448,7.28,0
2747,193,5332,7.28,2
5397,13,3038,7.28,2
369,12,47280,7.27,2
2036,43,1763,7.27,2
1845,39,2640,7.27,2
384,13,165335,7.27,0
2400,45,5118,7.27,2
2416,39,987,7.27,2
990,13,32828,7.27,2
144,13,41960,7.27,2
1145,25,5646,7.27,2
1086,26,13265,7.27,2
3670,25,4420,7.27,2
4198,46,1093,7.27,2
279,13,20859,7.27,2
1941,12,6037,7.27,2
2283,49,1188,7.27,2
1236,73,1199,7.27,2
5702,9,24799,7.27,2
3738,13,3382,7.27,2
2225,52,12014,7.26,2
2825,52,2631,7.26,2
31417,12,13346,7.26,2
4586,26,800,7.26,2
243,13,67916,7.26,2
3299,12,64975,7.26,2
2602,13,25814,7.26,2
31610,25,15519,7.26,2
12979,51,29989,7.26,2
4191,25,1260,7.26,2
2110,25,4006,7.26,2
3624,26,801,7.26,2
3044,52,5743,7.26,2
2816,44,3100,7.26,2
394,12,37944,7.25,2
9539,65,24821,7.25,2
1132,50,74929,7.25,2
5760,26,1238,7.25,2
1534,49,5384,7.25,2
13161,12,156044,7.25,0
11785,12,154595,7.25,0
28869,13,2655,7.25,2
206,27,16288,7.25,2
13409,11,16251,7.25,2
3305,40,1270,7.25,2
5440,48,910,7.25,2
1493,26,3368,7.25,2
1538,24,23931,7.25,2
2543,52,3921,7.25,2
2109,51,4161,7.25,2
22359,26,15236,7.25,2
1823,26,2692,7.25,2
1133,26,17943,7.25,2
53,24,66597,7.24,2
3460,26,699,7.24,2
1778,26,1315,7.24,2
1179,26,3108,7.24,2
3270,13,11386,7.24,2
690,26,21550,7.24,2
1164,24,12687,7.24,2
872,40,16571,7.24,2
5343,12,746,7.24,2
8917,26,48245,7.24,2
11841,18,366,7.24,2
3363,26,16331,7.24,2
4214,13,203958,7.24,0
678,26,7977,7.24,2
19117,13,53375,7.24,2
2716,33,923,7.24,2
1891,50,887,7.24,2
1246,13,6108,7.24,2
32313,11,16116,7.23,2
4690,50,3625,7.23,2
5670,12,12825,7.23,2
18411,12,33429,7.23,2
1397,49,15420,7.23,2
1565,191,48203,7.23,2
31564,12,28423,7.23,2
553,13,34177,7.23,2
482,180,74331,7.23,2
16201,13,86669,7.22,2
3079,38,2378,7.22,2
4286,48,418,7.22,2
424,24,9131,7.22,2
5983,39,4427,7.22,2
32686,12,83438,7.22,2
4375,91,1124,7.22,2
1738,12,12409,7.22,2
5200,39,1232,7.22,2
1601,22,27169,7.22,2
21085,12,106381,7.22,2
1543,12,22770,7.22,2
2043,73,7608,7.21,2
1312,26,4838,7.21,2
10155,13,97809,7.21,2
7088,12,203618,7.21,0
31405,12,102560,7.21,2
1588,24,16922,7.21,2
11761,12,110042,7.21,2
21603,12,198876,7.21,0
2200,23,1570,7.21,2
11021,24,55531,7.21,2
1546,26,44009,7.21,2
6203,13,34297,7.21,2
19383,13,33275,7.21,2
1264,39,11015,7.21,2
3505,48,689,7.21,2
19877,21,570,7.21,2
6747,12,121005,7.2,0
9367,12,159273,7.2,0
729,48,1527,7.2,2
4549,13,6659,7.2,2
16890,12,59819,7.2,2
4662,13,12975,7.2,2
1564,192,67386,7.2,2
592,26,1065,7.2,2
32094,12,30153,7.2,2
20047,12,108011,7.2,2
478,26,46647,7.2,2
23587,13,33042,7.2,2
1555,25,24691,7.2,2
2331,26,2297,7.2,2
568,26,20079,7.19,2
831,24,14955,7.19,2
1864,12,5827,7.19,2
1261,54,7112,7.19,2
149,12,85554,7.19,2
33299,13,12095,7.19,2
2931,24,8362,7.19,2
30016,13,57325,7.19,2
350,51,19222,7.19,2
6324,12,119572,7.19,0
3614,13,11002,7.19,2
754,36,2228,7.19,2
26165,12,48549,7.19,2
7817,12,192719,7.18,0
5032,13,4361,7.18,2
2907,66,3188,7.18,2
5197,39,558,7.18,2
247,26,14550,7.18,2
8206,51,6118,7.18,2
606,13,7893,7.18,2
604,26,5991,7.18,2
2044,52,5112,7.18,2
5030,12,104663,7.18,2
1110,39,19311,7.18,2
3059,43,1941,7.18,2
32603,12,37570,7.17,2
1569,12,42190,7.18,2
2369,24,39806,7.18,2
20973,12,67877,7.18,2
6098,12,28652,7.18,2
21439,13,27997,7.18,2
3486,47,1021,7.18,2
31080,12,32040,7.17,2
284,12,7563,7.17,2
286,25,5913,7.17,2
992,13,10636,7.17,2
19067,64,3417,7.17,2
2815,52,869,7.17,2
3110,52,1414,7.17,2
17741,12,63418,7.17,2
252,26,25995,7.17,2
33003,12,46024,7.17,2
31404,12,137102,7.17,0
27441,12,32061,7.17,2
32038,12,8964,7.17,2
1602,13,14925,7.17,2
2011,20,2856,7.17,2
3137,109,1650,7.17,2
31588,25,35461,7.16,2
7152,50,3605,7.16,2
1554,12,16909,7.16,2
751,52,1876,7.16,2
3432,51,615,7.16,2
30383,13,55977,7.16,2
2913,40,889,7.16,2
16385,12,34576,7.16,2
1045,12,13581,7.16,2
5267,26,790,7.16,2
3327,26,1300,7.16,2
1592,11,13681,7.16,2
1025,13,16111,7.16,2
2130,25,44825,7.16,2
620,13,14073,7.16,2
1688,12,16604,7.16,2
2489,52,3633,7.16,2
24211,13,47157,7.15,2
325,25,49508,7.16,2
907,12,38778,7.16,2
28617,12,93000,7.16,2
22663,12,97401,7.16,2
6974,13,65021,7.16,2
4021,12,21937,7.16,2
5220,24,38495,7.16,2
876,29,14002,7.16,2
31370,12,6342,7.16,2
343,25,44874,7.16,2
27655,12,149364,7.15,0
9346,50,1337,7.15,2
16157,12,71901,7.15,2
291,26,23364,7.15,2
1726,12,166398,7.15,0
2819,43,2104,7.15,2
1046,12,8004,7.15,2
16982,12,24044,7.15,2
2799,47,2587,7.15,2
29785,13,88500,7.15,2
912,55,2424,7.15,2
32013,12,45778,7.15,2
1492,26,6903,7.15,2
22877,12,124448,7.15,0
8057,12,13089,7.15,2
2758,52,432,7.15,2
29163,13,25707,7.15,2
3667,12,96159,7.15,2
2577,49,2322,7.15,2
3737,13,4675,7.15,2
48,26,110304,7.14,2
230,27,22433,7.14,2
929,49,3694,7.14,2
32802,24,2121,7.14,2
8394,26,3496,7.14,2
30544,12,168657,7.14,0
383,24,17601,7.14,2
3638,52,1034,7.14,2
3616,12,27761,7.14,2
10372,13,47665,7.14,2
7904,10,1386,7.14,2
10336,21,28616,7.14,2
2151,52,2702,7.14,2
5520,52,966,7.14,2
2805,78,472,7.14,2
4742,16,567,7.14,2
2993,13,299278,7.14,0
3493,21,3510,7.14,2
22687,13,95964,7.14,2
58,26,40581,7.13,2
998,26,15194,7.13,2
2561,52,1837,7.13,2
16726,12,1248,7.13,2
1022,12,5457,7.13,2
8630,12,171888,7.13,0
2335,52,5158,7.13,2
2403,12,63348,7.13,2
31815,4,9961,7.13,2
1138,52,30148,7.13,2
3656,24,36517,7.13,2
3136,46,1049,7.13,2
30649,26,1202,7.14,2
30363,10,93293,7.13,2
33433,12,74026,7.12,2
2604,26,17115,7.13,2
12321,3,13444,7.13,2
961,35,3875,7.13,2
4773,37,883,7.13,2
5071,52,310,7.12,2
3561,52,876,7.12,2
18097,43,9258,7.11,2
9041,12,254543,7.12,0
968,25,1895,7.12,2
5834,182,729,7.12,2
1137,32,8722,7.12,2
2084,38,1056,7.12,2
2570,26,1228,7.12,2
31229,12,73126,7.12,2
3332,35,1355,7.12,2
4651,70,686,7.12,2
2810,39,2188,7.11,2
27727,12,45873,7.11,2
9200,26,452,7.11,2
1826,65,10591,7.11,2
3312,74,8735,7.11,2
32607,12,35072,7.11,2
14653,12,31435,7.11,2
2157,13,3627,7.11,2
157,26,76253,7.11,2
3837,45,956,7.11,2
521,52,32296,7.11,2
3424,52,1335,7.11,2
941,12,17273,7.11,2
2713,26,3224,7.11,2
23233,12,172321,7.11,0
32105,50,128869,7.11,0
3754,50,1009,7.11,2
5342,13,68608,7.1,2
930,39,5517,7.1,2
859,48,41021,7.1,2
116,26,9289,7.1,2
18001,12,79298,7.1,2
2389,105,4802,7.1,2
1184,26,9293,7.1,2
3313,52,784,7.1,2
8234,65,2090,7.1,2
525,26,10591,7.1,2
169,12,90713,7.1,2
342,13,9704,7.1,2
174,24,103449,7.1,2
1128,12,6249,7.1,2
4415,13,34732,7.1,2
32494,24,49219,7.09,2
2717,24,2072,7.09,2
21431,13,159899,7.09,0
3807,20,979,7.09,2
3811,39,736,7.09,2
598,13,5881,7.09,2
31670,13,1880,7.09,2
1573,51,5936,7.09,2
7593,12,215361,7.09,0
3653,24,30225,7.09,2
3654,12,29401,7.09,2
4051,51,913,7.09,2
621,12,11143,7.09,2
607,39,3847,7.09,2
1104,13,4865,7.09,2
5307,26,17574,7.09,2
311,26,3945,7.08,2
14913,29,987,7.09,2
21729,33,5900,7.08,2
3116,25,895,7.08,2
5534,164,296,7.08,2
5039,12,52145,7.08,2
162,26,16047,7.08,2
30375,12,21032,7.08,2
1568,22,31385,7.08,2
9331,13,89183,7.08,2
2706,51,2378,7.07,2
579,15,22292,7.07,2
11285,8,198991,7.07,0
3407,24,55444,7.07,2
31196,26,3060,7.07,2
127,24,14582,7.07,2
2165,100,1656,7.07,2
3579,51,2938,7.07,2
5217,39,737,7.07,2
6902,52,1363,7.07,2
5203,44,589,7.07,2
4810,35,2822,7.07,2
2415,25,1920,7.07,2
1892,25,486,7.07,2
15489,73,11293,7.07,2
18677,12,115338,7.07,2
873,26,50480,7.06,2
9776,12,58564,7.06,2
8,52,9848,7.06,2
13145,39,11031,7.06,2
16512,13,101266,7.06,2
9314,11,55100,7.06,2
11809,12,2284,7.06,2
5688,65,1276,7.06,2
2916,47,367,7.06,2
456,26,12234,7.06,2
1180,25,4973,7.06,2
3281,46,676,7.06,2
9712,12,40502,7.06,2
16910,13,25564,7.06,2
12119,12,26883,7.06,2
25099,12,77774,7.06,2
12281,12,19427,7.06,2
1710,56,19212,7.06,2
31374,12,52928,7.06,2
10014,13,3563,7.06,2
1897,51,592,7.06,2
308,26,11165,7.06,2
2404,11,93637,7.06,2
8285,22,524,7.05,2
1844,26,7830,7.05,2
2595,13,25225,7.05,2
1465,10,3300,7.05,2
2749,40,428,7.05,2
4935,296,720,7.05,2
143,12,42927,7.05,2
5235,51,528,7.05,2
4807,46,492,7.05,2
2573,50,742,7.05,2
196,12,59164,7.05,2
10572,12,46940,7.05,2
789,6,32297,7.05,2
24133,12,99133,7.05,2
26453,50,3334,7.05,2
5992,112,550,7.05,2
303,48,15937,7.04,2
3359,13,41920,7.04,2
280,51,1511,7.04,2
17827,12,46874,7.04,2
8624,30,22723,7.04,2
28221,12,36463,7.04,2
5155,11,8554,7.04,2
2280,61,607,7.04,2
10079,12,85178,7.04,2
21511,12,100999,7.04,2
580,10,4436,7.04,2
31884,48,3865,7.04,2
17115,14,13647,7.04,2
31559,12,79630,7.04,2
7768,12,28812,7.04,2
4208,51,821,7.04,2
687,52,67936,7.04,2
19023,12,29679,7.04,2
6165,13,24889,7.04,2
1249,26,6753,7.04,2
11703,13,135255,7.03,0
1929,47,7189,7.03,2
20945,26,908,7.03,2
5968,13,2019,7.03,2
1578,13,6786,7.03,2
33197,12,21893,7.03,2
2613,24,931,7.03,2
31442,13,168482,7.03,0
229,12,23125,7.03,2
6201,12,104098,7.03,2
1942,12,4794,7.03,2
508,296,29433,7.03,2
971,50,9331,7.02,2
4999,12,110748,7.02,2
1668,52,22429,7.02,2
1186,26,4806,7.02,2
956,44,919,7.02,2
126,13,21516,7.02,2
3519,13,641,7.02,2
4240,39,886,7.02,2
12481,25,603,7.02,2
2230,50,2080,7.02,2
2487,39,756,7.02,2
10213,12,116683,7.02,2
2501,26,973,7.02,2
11227,12,41486,7.02,2
419,26,38580,7.02,2
11751,13,47588,7.02,2
2578,52,656,7.02,2
1587,25,10364,7.02,2
3690,21,382,7.01,2
7109,52,201,7.01,2
3710,11,6649,7.01,2
8277,12,99201,7.01,2
5914,13,23757,7.01,2
193,24,61004,7.01,2
1040,47,1519,7.01,2
9693,10,15952,7.01,2
3615,13,24149,7.01,2
5023,26,650,7.01,2
561,25,11293,7.01,2
4332,39,282,7.01,2
30355,13,22773,7.01,2
11837,13,65633,7.01,2
3631,39,931,7.0,2
750,12,6960,7.0,2
2684,13,5193,7.0,2
32483,12,29219,7.0,2
2215,26,4633,7.0,2
5091,24,523,7.0,2
1792,26,6551,7.0,2
13377,13,17283,7.0,2
19365,22,74324,7.0,2
30806,12,51632,7.0,2
19841,14,18072,7.0,2
21851,12,2084,7.0,2
5830,59,322,7.0,2
3501,13,3038,7.0,2
292,26,12662,6.99,2
603,49,17671,6.99,2
2569,52,3035,6.99,2
636,13,6733,6.99,2
2772,26,16502,6.99,2
5967,13,2435,6.99,2
5891,45,698,6.99,2
2707,97,390,6.99,2
1509,13,11747,6.99,2
800,13,16711,6.99,2
4054,26,315,6.99,2
9884,56,1322,6.99,2
2363,16,15461,6.99,2
6973,13,28284,6.99,2
1703,13,5060,6.99,2
3317,77,370,6.99,2
2087,26,1150,6.99,2
3196,30,1019,6.99,2
2554,51,2427,6.98,2
28391,12,72174,6.98,2
812,13,17520,6.98,2
1837,12,3462,6.98,2
22189,12,27417,6.98,2
30039,50,1365,6.98,2
31068,51,464,6.98,2
3349,24,13368,6.98,2
28423,25,47036,6.98,2
89,51,12673,6.98,2
5395,51,405,6.98,2
18095,12,76069,6.98,2
12863,51,3347,6.98,2
11241,12,82205,6.97,2
261,13,9989,6.97,2
2757,39,936,6.97,2
2243,39,1220,6.97,2
2223,52,898,6.97,2
4086,51,1165,6.97,2
6112,12,20742,6.97,2
1727,12,22282,6.97,2
12549,12,169615,6.96,0
266,12,9902,6.96,2
1956,12,47117,6.96,2
4196,12,37436,6.96,2
17497,52,1250,6.96,2
10346,6,566,6.96,2
7845,45,187,6.96,2
1603,25,5232,6.96,2
20473,12,13227,6.96,2
4548,12,68023,6.96,2
244,39,3933,6.95,2
1214,10,11966,6.95,2
2259,51,1904,6.95,2
7580,12,28260,6.95,2
1230,12,19708,6.95,2
21671,23,3260,6.96,2
11079,13,54288,6.95,2
1707,51,6134,6.95,2
670,12,28716,6.95,2
630,13,5328,6.95,2
5940,12,81738,6.95,2
23201,12,14568,6.95,2
538,26,22621,6.95,2
1517,26,7664,6.95,2
1532,12,30723,6.95,2
4532,48,762,6.95,2
285,25,12809,6.94,2
5311,26,492,6.94,2
109,24,48551,6.94,2
29589,24,67336,6.94,2
115,13,7131,6.94,2
10348,13,5640,6.94,2
1448,52,5984,6.94,2
23945,12,38952,6.94,2
1018,23,9126,6.94,2
5249,48,383,6.94,2
9806,10,1070,6.94,2
2965,25,6412,6.94,2
2316,52,957,6.93,2
13029,26,1597,6.93,2
4151,13,36058,6.93,2
1068,54,1369,6.93,2
62,26,49909,6.93,2
9330,12,94922,6.93,2
6055,31,816,6.93,2
4334,26,23405,6.93,2
509,13,25043,6.93,2
3129,49,460,6.93,2
1502,26,3501,6.93,2
10370,52,5894,6.93,2
2231,37,1423,6.93,2
9883,86,1723,6.93,2
3765,39,533,6.93,2
2510,26,849,6.93,2
3098,53,636,6.93,2
5734,12,43288,6.93,2
4066,26,13363,6.93,2
10513,13,1660,6.93,2
5104,26,423,6.92,2
27737,51,1811,6.92,2
1629,26,8665,6.92,2
24909,13,6352,6.92,2
146,12,41756,6.92,2
554,24,15653,6.92,2
3425,26,309,6.92,2
2933,50,776,6.92,2
4936,694,2116,6.92,1
1882,13,2277,6.92,2
6056,29,409,6.92,2
3159,95,871,6.92,2
33037,13,11183,6.92,2
278,51,5420,6.92,2
4083,26,457,6.92,2
3193,52,1633,6.91,2
33041,12,10837,6.91,2
694,24,19491,6.91,2
1219,24,14380,6.91,2
8536,12,71285,6.91,2
2494,12,63370,6.91,2
649,12,14069,6.91,2
21407,49,4884,6.91,2
1721,12,14299,6.91,2
15377,12,52542,6.91,2
727,54,992,6.91,2
1469,48,22170,6.91,2
942,13,11042,6.91,2
1638,41,2146,6.91,2
7245,26,227,6.91,2
623,25,2915,6.91,2
18121,12,15887,6.91,2
605,26,3847,6.91,2
31430,13,34176,6.91,2
5763,24,612,6.91,2
2688,31,1826,6.9,2
27815,48,4960,6.9,2
111,52,7411,6.9,2
2166,12,20504,6.9,2
3053,23,4977,6.9,2
487,13,57110,6.9,2
3146,13,1546,6.9,2
6069,25,1385,6.9,2
2938,51,1776,6.9,2
4073,39,411,6.9,2
860,12,30146,6.9,2
3162,49,1048,6.9,2
8410,51,7003,6.9,2
13201,25,6611,6.9,2
21325,15,12781,6.9,2
1377,13,2169,6.9,2
1127,12,11794,6.9,2
965,13,3204,6.9,2
886,12,33573,6.89,2
16419,49,7571,6.89,2
1599,12,2757,6.89,2
3689,31,375,6.89,2
7590,13,75517,6.89,2
1597,48,3207,6.89,2
7793,6,738,6.89,2
33031,12,14465,6.89,2
1541,22,4160,6.89,2
3672,50,439,6.89,2
2964,13,19968,6.88,2
10578,12,100425,6.88,2
296,38,14232,6.88,2
12471,24,56453,6.88,2
12461,13,55031,6.88,2
12963,52,1452,6.88,2
4262,12,32176,6.88,2
1243,24,20856,6.88,2
28819,12,91241,6.88,2
9922,12,52687,6.88,2
1035,26,1996,6.88,2
26395,12,10094,6.88,2
28835,12,2007,6.88,2
688,12,16688,6.88,2
6166,12,95005,6.87,2
31147,13,46938,6.87,2
16355,13,60465,6.87,2
4486,39,1088,6.87,2
646,12,2504,6.87,2
1082,24,8876,6.87,2
2598,54,2211,6.87,2
7148,12,94820,6.87,2
273,12,15152,6.87,2
6560,39,1565,6.87,2
30749,12,94430,6.87,2
30567,12,8381,6.87,2
5143,36,360,6.87,2
1218,13,31856,6.87,2
5505,12,7393,6.87,2
2128,50,989,6.87,2
33419,12,4580,6.85,2
2579,26,2258,6.86,2
4657,26,10698,6.86,2
495,26,10667,6.86,2
2705,51,4186,6.86,2
11457,75,8186,6.86,2
2814,52,531,6.86,2
4362,13,6601,6.86,2
3012,68,2998,6.86,2
10359,52,2019,6.86,2
865,48,1961,6.86,2
4411,47,509,6.86,2
19825,49,730,6.86,2
1550,104,3676,6.85,2
2255,38,1806,6.85,2
2703,22,1888,6.85,2
15547,52,711,6.85,2
293,16,12227,6.85,2
563,12,23140,6.85,2
318,10,17895,6.85,2
30651,25,4272,6.86,2
13367,12,92252,6.85,2
3182,5,904,6.85,2
2783,26,671,6.85,2
1771,12,1037,6.85,2
2934,51,1138,6.85,2
2620,26,1889,6.85,2
924,47,1574,6.85,2
9624,12,31253,6.84,2
17082,12,43737,6.84,2
4339,23,616,6.84,2
2786,51,1466,6.84,2
5082,50,1336,6.84,2
8956,52,236,6.84,2
6971,45,556,6.84,2
771,13,4985,6.84,2
4211,25,676,6.84,2
248,12,67310,6.84,2
5129,26,392,6.84,2
24629,12,46093,6.84,2
21835,52,6836,6.84,2
4468,26,378,6.84,2
1247,6,1892,6.84,2
4723,32,605,6.84,2
447,25,13039,6.84,2
1893,117,1399,6.83,2
32664,13,23724,6.83,2
8123,151,536,6.83,2
5250,23,946,6.83,2
297,12,37919,6.83,2
9750,12,73555,6.83,2
19855,13,43551,6.83,2
616,35,1390,6.83,2
10197,12,19161,6.83,2
1300,24,2230,6.83,2
2826,52,1039,6.83,2
25859,13,37544,6.83,2
1103,13,8688,6.83,2
2612,130,955,6.83,2
32555,12,15397,6.83,2
926,44,1418,6.83,2
21845,12,47565,6.83,2
14355,12,27487,6.83,2
19429,12,127641,6.82,2
2576,52,935,6.82,2
1123,25,5198,6.82,2
234,26,2351,6.82,2
5973,12,20279,6.82,2
271,26,8315,6.82,2
18247,12,146979,6.82,0
2704,26,2128,6.82,2
3935,26,719,6.82,2
28817,12,47642,6.82,2
1881,13,4056,6.82,2
6500,24,145592,6.82,2
32228,12,5990,6.82,2
23067,52,1249,6.82,2
3021,47,918,6.82,2
9736,12,73064,6.81,2
288,51,49467,6.81,2
32379,12,90817,6.81,2
11177,52,1921,6.81,2
2795,25,45265,6.81,2
260,13,17109,6.81,2
17919,12,20062,6.81,2
4808,26,738,6.81,2
667,12,32198,6.81,2
18495,12,29790,6.81,2
25939,12,11952,6.81,2
86,47,17517,6.81,2
8235,52,898,6.81,2
2970,13,27070,6.81,2
21177,24,59815,6.81,2
919,13,7756,6.81,2
11491,13,29599,6.81,2
3024,52,1654,6.81,2
5201,50,443,6.81,2
533,13,5137,6.81,2
1675,52,5095,6.81,2
4101,51,432,6.81,2
2089,35,2271,6.8,2
63,12,91037,6.8,2
3355,39,400,6.8,2
850,13,34787,6.8,2
1581,12,21979,6.8,2
385,26,25332,6.8,2
12483,26,505,6.8,2
671,13,5763,6.8,2
5274,87,424,6.8,2
5953,62,783,6.8,2
1161,25,3690,6.8,2
3836,52,973,6.8,2
11615,13,8788,6.8,2
2603,12,11867,6.8,2
18099,12,12240,6.8,2
3271,39,1174,6.79,2
7619,114,839,6.79,2
3130,94,293,6.79,2
17731,12,6331,6.79,2
2106,26,6658,6.79,2
518,63,2229,6.79,2
626,22,4995,6.79,2
3438,49,2072,6.79,2
2161,13,16361,6.79,2
1618,26,2430,6.79,2
31440,12,6897,6.79,2
1737,34,600,6.79,2
25397,12,168811,6.78,0
3835,26,1082,6.78,2
9119,170,411,6.78,2
3023,119,612,6.78,2
1325,25,3654,6.78,2
1316,52,2724,6.78,2
637,16,11933,6.78,2
2556,52,1875,6.78,2
618,13,22860,6.78,2
913,25,3322,6.78,2
4050,52,1108,6.78,2
222,13,11750,6.78,2
32962,12,82532,6.78,2
14199,12,113166,6.78,2
9107,84,33730,6.78,2
14093,24,19603,6.78,2
3761,26,1277,6.78,2
2032,13,5605,6.78,2
1533,51,12536,6.77,2
33046,12,17506,6.77,2
1669,51,27959,6.77,2
1136,26,8037,6.77,2
2495,13,3005,6.77,2
4503,23,3855,6.77,2
7307,108,573,6.77,2
1409,5,2392,6.77,2
2565,26,986,6.77,2
148,12,5736,6.77,2
2980,50,534,6.77,2
2039,48,990,6.77,2
26351,16,62601,6.77,2
3827,28,532,6.77,2
23209,13,47900,6.77,2
15125,12,30291,6.77,2
473,12,4670,6.77,2
20267,12,4334,6.77,2
29017,13,2810,6.77,2
1962,13,726,6.76,2
14827,13,16219,6.76,2
2224,19,2028,6.76,2
6008,52,4197,6.76,2
1660,24,2928,6.76,2
2038,38,1783,6.76,2
4052,39,9590,6.76,2
24705,12,66868,6.76,2
3366,26,48744,6.76,2
2619,26,3605,6.76,2
33811,12,3961,6.76,2
3008,108,2930,6.76,2
6129,12,14696,6.76,2
3077,103,711,6.76,2
298,12,47679,6.75,2
2221,42,3746,6.75,2
1149,12,5808,6.75,2
236,26,11704,6.75,2
11268,103,288,6.75,2
1706,13,4732,6.75,2
1466,26,1387,6.75,2
1848,52,1591,6.75,2
6087,27,382,6.75,2
3464,12,26991,6.75,2
16906,114,1190,6.75,2
1445,52,6253,6.75,2
3388,72,1139,6.75,2
4782,52,348,6.75,2
776,12,5702,6.75,2
24075,12,39165,6.75,2
28619,11,66777,6.75,2
21033,12,83068,6.75,2
421,13,6909,6.75,2
928,52,2790,6.75,2
347,22,4750,6.75,2
2467,35,967,6.74,2
2709,51,1572,6.74,2
4197,51,6667,6.74,2
1194,12,13036,6.74,2
5618,103,378,6.74,2
782,25,10770,6.74,2
1019,13,12835,6.74,2
3503,12,122288,6.74,2
28207,12,2265,6.74,2
1070,25,5725,6.74,2
6779,170,314,6.74,2
10156,12,47136,6.74,2
14515,12,55635,6.74,2
3809,52,1486,6.74,2
175,26,17920,6.74,2
4720,13,54376,6.74,2
2546,48,1715,6.73,2
2732,53,406,6.73,2
10490,12,118553,6.73,2
406,13,8439,6.73,2
31636,12,145468,6.73,2
5945,39,9115,6.73,2
6117,51,4162,6.73,2
2390,100,10416,6.73,2
635,13,11531,6.73,2
590,12,17136,6.73,2
6205,12,146631,6.73,2
3550,61,488,6.73,2
9934,12,12486,6.73,2
2912,63,981,6.73,2
3900,52,446,6.73,2
6633,12,31256,6.73,2
3806,69,483,6.73,2
8542,25,562,6.73,2
3915,61,835,6.73,2
5833,56,243,6.73,2
10324,12,1993,6.73,2
5022,73,310,6.73,2
1198,12,13680,6.73,2
497,13,19237,6.73,2
2288,26,3935,6.72,2
11017,50,836,6.71,2
1672,48,1419,6.72,2
1853,39,3495,6.72,2
225,64,226625,6.72,0
10527,100,1062,6.72,2
4199,30,608,6.72,2
403,12,19053,6.72,2
22123,12,35872,6.72,2
4119,43,575,6.72,2
23133,24,38301,6.72,2
5962,51,13898,6.72,2
4514,26,819,6.72,2
3668,26,5611,6.72,2
2282,26,444,6.72,2
2284,39,2524,6.72,2
4183,50,353,6.72,2
6672,45,344,6.72,2
446,13,7043,6.72,2
8861,12,173216,6.72,0
3874,52,1012,6.71,2
370,13,6402,6.71,2
29976,12,38618,6.71,2
2769,25,487,6.71,2
4244,43,399,6.71,2
32011,13,2791,6.71,2
1839,26,1012,6.71,2
2074,30,567,6.71,2
1067,12,25443,6.71,2
1617,4,1451,6.71,2
1806,26,2320,6.71,2
32360,12,56854,6.71,2
10308,13,27080,6.71,2
4515,26,669,6.71,2
7082,25,41469,6.71,2
916,13,30836,6.71,2
2105,26,13921,6.71,2
3325,48,648,6.71,2
1673,50,932,6.7,2
1704,12,4041,6.7,2
8503,48,802,6.7,2
2804,50,1033,6.7,2
840,12,11544,6.7,2
31848,12,31005,6.7,2
10611,12,53617,6.7,2
23,12,2224,6.7,2
472,13,16757,6.7,2
32601,12,12768,6.69,2
4744,12,91453,6.69,2
375,12,4038,6.69,2
6511,35,1366,6.69,2
119,13,24902,6.69,2
241,11,84395,6.69,2
973,24,8052,6.69,2
863,12,22982,6.69,2
1572,52,3067,6.69,2
412,12,57646,6.69,2
1810,12,28280,6.69,2
9936,12,104182,6.69,2
7103,13,13898,6.69,2
6428,26,352,6.69,2
14921,12,67100,6.69,2
5636,26,284,6.69,2
31716,13,71545,6.69,2
10073,12,64168,6.69,2
1005,26,9024,6.69,2
925,35,1768,6.69,2
744,20,2747,6.69,2
7160,30,346,6.69,2
3812,26,400,6.69,2
16518,12,38819,6.68,2
32866,12,19544,6.68,2
6383,65,427,6.68,2
289,13,12988,6.68,2
706,13,6690,6.68,2
1676,13,2613,6.68,2
1661,25,6596,6.68,2
11385,25,11963,6.68,2
1694,26,15338,6.68,2
17831,12,69526,6.68,2
2568,52,291,6.68,2
4439,26,603,6.68,2
3823,26,363,6.68,2
2686,96,1194,6.68,2
33341,12,9248,6.68,2
1986,56,488,6.68,2
3295,60,2169,6.68,2
20533,12,24788,6.68,2
2041,51,6183,6.67,2
591,12,48939,6.67,2
5276,13,623,6.67,2
33421,12,36343,6.67,2
3436,127,317,6.67,2
1062,27,6303,6.67,2
6609,26,4425,6.67,2
197,24,16672,6.67,2
9916,46,319,6.67,2
28283,12,13272,6.67,2
13679,77,1616,6.67,2
30437,12,18933,6.67,2
3800,44,820,6.66,2
3081,58,2733,6.66,2
3389,3,20550,6.66,2
5189,156,337,6.66,2
3035,35,947,6.66,2
3185,26,845,6.66,2
11307,26,316,6.66,2
10187,13,27878,6.66,2
10338,22,5082,6.66,2
32214,12,25545,6.66,2
3054,39,964,6.66,2
3391,95,891,6.66,2
31621,12,24131,6.66,2
682,12,9099,6.66,2
25867,12,48310,6.66,2
27741,13,3800,6.66,2
2766,52,1826,6.66,2
4427,35,431,6.66,2
6468,40,313,6.66,2
31573,22,2299,6.65,2
9493,12,11006,6.65,2
1189,26,4106,6.65,2
5883,24,2701,6.65,2
3433,32,295,6.65,2
9900,140,318,6.65,2
3435,26,451,6.65,2
3878,49,635,6.65,2
31560,13,7905,6.66,2
6625,61,367,6.65,2
31452,12,38139,6.65,2
1693,26,5736,6.65,2
19919,12,5670,6.65,2
471,13,13877,6.65,2
2699,13,1009,6.65,2
17092,13,209,6.64,2
30127,12,37913,6.64,2
17705,13,1805,6.64,2
4554,26,472,6.64,2
125,13,23968,6.64,2
8765,36,551,6.64,2
8538,51,1223,6.64,2
5153,25,1164,6.64,2
4504,50,225,6.64,2
783,13,2765,6.64,2
4536,50,350,6.64,2
4013,51,413,6.64,2
2031,13,23477,6.64,2
684,11,3674,6.64,2
21353,12,95168,6.64,2
33377,24,52260,6.64,2
4132,26,476,6.64,2
718,16,3821,6.64,2
33222,12,26360,6.63,2
6472,35,637,6.63,2
6375,48,810,6.63,2
6509,331,1083,6.63,2
10671,13,15046,6.63,2
612,13,3956,6.63,2
4962,51,2625,6.63,2
8900,51,263,6.63,2
4067,50,1110,6.63,2
1836,12,34109,6.63,2
2552,13,1292,6.63,2
55,26,10392,6.62,2
4975,12,174337,6.62,0
5476,26,440,6.62,2
257,13,88969,6.62,2
30030,39,1007,6.62,2
799,13,3748,6.62,2
4068,52,800,6.62,2
8139,26,229,6.62,2
16347,13,985,6.62,2
30795,12,31295,6.61,2
30384,13,12064,6.61,2
4314,16,336,6.61,2
17873,20,12499,6.61,2
34009,12,14718,6.61,2
810,24,1896,6.6,2
9881,25,199,6.6,2
23787,13,7440,6.6,2
8140,55,438,6.6,2
4209,12,3931,6.6,2
10808,49,18031,6.6,2
1807,12,16596,6.6,2
10810,13,2173,6.6,2
1724,26,3838,6.6,2
10109,12,16068,6.6,2
17821,13,36235,6.6,2
7522,39,577,6.6,2
28155,12,22662,6.6,2
105,13,15026,6.59,2
4383,6,796,6.59,2
2836,78,1452,6.59,2
2771,39,752,6.59,2
14989,51,3183,6.58,2
13139,25,5208,6.59,2
3776,50,393,6.59,2
30721,13,19502,6.59,2
23121,13,40413,6.59,2
1456,12,2388,6.59,2
13231,38,3533,6.59,2
12929,97,22684,6.59,2
171,13,1865,6.59,2
2718,27,709,6.59,2
1746,26,7087,6.59,2
32301,12,10517,6.58,2
6093,51,407,6.58,2
1666,39,655,6.58,2
15605,12,74069,6.58,2
7395,39,617,6.58,2
8375,26,409,6.58,2
7048,50,700,6.58,2
8215,51,477,6.58,2
1988,13,7275,6.58,2
3873,29,386,6.58,2
3099,26,855,6.58,2
6374,52,903,6.58,2
19685,13,74634,6.58,2
3609,52,1121,6.58,2
3876,26,279,6.58,2
9395,20,833,6.58,2
4316,16,314,6.58,2
5938,52,741,6.58,2
836,26,14714,6.58,2
5454,12,17422,6.58,2
10015,73,22480,6.58,2
7176,26,2482,6.57,2
8815,26,832,6.57,2
1600,13,3551,6.57,2
4242,39,399,6.57,2
4597,52,319,6.57,2
25283,12,81870,6.57,2
4933,26,344,6.57,2
1163,48,5332,6.57,2
3194,26,889,6.57,2
163,26,4308,6.57,2
417,26,32711,6.57,2
28861,12,8213,6.57,2
685,13,5752,6.57,2
943,12,5719,6.57,2
2702,18,592,6.56,2
6119,305,956,6.56,2
9479,13,76291,6.56,2
2809,26,204,6.56,2
18771,25,5511,6.56,2
1570,12,24393,6.56,2
2367,12,18432,6.56,2
3810,26,561,6.56,2
2503,42,407,6.56,2
2234,30,1358,6.56,2
8287,51,2388,6.56,2
23325,24,30770,6.56,2
4154,52,1012,6.56,2
3075,52,630,6.56,2
14283,12,45869,6.56,2
19151,12,56131,6.56,2
6452,53,518,6.55,2
6629,54,263,6.55,2
5070,43,1327,6.55,2
348,13,12852,6.55,2
2142,51,22718,6.55,2
2252,39,5532,6.55,2
1537,22,731,6.55,2
1574,51,1061,6.55,2
13185,52,2248,6.55,2
3683,300,240,6.55,2
31566,12,1317,6.55,2
32274,12,1119,6.55,2
31534,26,139,6.57,2
888,12,14757,6.55,2
2740,25,586,6.55,2
1872,26,632,6.55,2
677,12,1412,6.55,2
817,13,6479,6.55,2
1458,26,1059,6.55,2
1607,12,20883,6.55,2
5935,43,249,6.54,2
336,13,9540,6.54,2
3969,18,377,6.54,2
30524,13,19225,6.54,2
32682,13,11052,6.54,2
13159,60,5677,6.54,2
2040,47,879,6.54,2
7981,510,161,6.54,2
20931,12,45457,6.54,2
7605,200,229,6.54,2
12611,26,16287,6.54,2
9799,13,479,6.54,2
1816,78,28296,6.54,2
4801,26,376,6.54,2
22537,13,17379,6.54,2
3114,52,411,6.53,2
10319,47,354,6.53,2
17651,13,33528,6.53,2
2687,39,266,6.53,2
5131,36,298,6.53,2
4511,39,284,6.53,2
4800,26,665,6.53,2
1083,13,1739,6.53,2
31338,12,92396,6.53,2
576,13,22664,6.53,2
3875,88,720,6.53,2
20033,13,30403,6.53,2
3444,50,737,6.53,2
3691,29,364,6.53,2
2806,170,373,6.53,2
2564,12,12238,6.52,2
1221,52,13624,6.52,2
2572,52,1594,6.52,2
5265,27,3263,6.52,2
30291,8,1947,6.53,2
3399,64,917,6.52,2
14333,37,4058,6.52,2
14693,13,3276,6.52,2
1333,26,480,6.51,2
17147,25,1177,6.51,2
988,12,1006,6.51,2
8553,53,341,6.51,2
6919,12,15653,6.51,2
3131,47,297,6.5,2
3166,12,20882,6.5,2
5337,52,14694,6.5,2
21677,25,43137,6.5,2
6970,31,330,6.5,2
833,13,8364,6.5,2
10528,50,920,6.5,2
21167,12,37885,6.5,2
19367,11,39413,6.5,2
30895,12,49971,6.5,2
20971,12,15742,6.5,2
18845,52,282,6.5,2
31223,12,32470,6.5,2
3201,26,386,6.5,2
11859,12,21706,6.5,2
1048,13,15796,6.5,2
6682,12,133971,6.49,2
3132,26,496,6.49,2
3202,26,1468,6.49,2
5088,26,298,6.49,2
909,13,8643,6.49,2
31630,24,61410,6.49,2
1193,13,3287,6.49,2
1884,12,1623,6.49,2
3285,94,1085,6.49,2
3932,39,416,6.49,2
3356,109,1478,6.49,2
33038,30,3106,6.49,2
4667,51,2512,6.48,2
69,25,6995,6.48,2
5600,26,274,6.48,2
3676,47,632,6.48,2
4113,48,678,6.48,2
6277,1471,406,6.48,1
6130,40,2373,6.48,2
3619,39,587,6.48,2
2153,13,4707,6.48,2
15119,12,55607,6.48,2
6397,104,249,6.48,2
12361,26,393,6.48,2
32023,12,44978,6.47,2
3880,24,318,6.47,2
7079,12,51323,6.47,2
23309,12,85487,6.47,2
5223,33,294,6.47,2
8373,52,1286,6.47,2
27629,12,4967,6.47,2
184,12,13827,6.47,2
3704,52,613,6.47,2
8194,42,382,6.46,2
1314,26,931,6.46,2
3101,51,3863,6.46,2
5292,50,696,6.46,2
1883,26,1209,6.46,2
10802,13,311,6.46,2
2233,26,647,6.46,2
6303,54,499,6.46,2
610,12,15230,6.46,2
6674,52,315,6.46,2
17777,12,74320,6.46,2
4044,26,440,6.46,2
6075,12,527,6.45,2
5829,38,325,6.45,2
2127,38,1147,6.45,2
7551,36,213,6.45,2
910,13,15549,6.45,2
3660,25,965,6.45,2
470,13,14010,6.45,2
31914,12,60452,6.45,2
159,24,12169,6.44,2
1865,11,4744,6.44,2
133,12,80562,6.44,2
1057,16,3188,6.44,2
24873,12,59544,6.44,2
5132,16,1861,6.44,2
952,12,3693,6.44,2
4853,8,934,6.44,2
26443,10,59632,6.44,2
6731,26,227,6.44,2
12967,12,106391,6.43,2
4025,26,645,6.43,2
4563,50,747,6.43,2
2822,52,330,6.43,2
295,13,4790,6.43,2
29722,24,729,6.43,2
4737,12,341,6.43,2
3858,91,1325,6.43,2
31804,12,43176,6.43,2
3571,34,1545,6.43,2
3881,45,471,6.43,2
2571,52,4426,6.43,2
614,13,5098,6.43,2
3361,26,312,6.43,2
2024,24,393,6.43,2
1868,12,5305,6.42,2
3838,61,375,6.42,2
4023,16,532,6.42,2
4049,26,367,6.42,2
349,13,2942,6.42,2
31845,12,68025,6.42,2
19257,12,22411,6.42,2
8960,10,787,6.42,2
9106,26,287,6.42,2
9015,200,194,6.42,2
3819,26,316,6.42,2
31540,12,28303,6.42,2
33668,12,12549,6.42,2
8449,12,53377,6.42,2
8961,12,2321,6.42,2
17681,13,18202,6.42,2
14237,12,24595,6.41,2
3022,45,400,6.41,2
4928,43,419,6.41,2
3315,37,349,6.41,2
2162,25,6544,6.41,2
555,12,8094,6.41,2
6979,12,20054,6.41,2
1713,13,684,6.41,2
5112,12,74097,6.4,2
10526,25,795,6.4,2
5375,53,465,6.4,2
28883,12,39538,6.4,2
360,12,3731,6.4,2
3839,44,378,6.4,2
2075,51,297,6.4,2
749,12,828,6.4,2
3768,13,413,6.4,2
980,26,2934,6.4,2
30751,13,619,6.4,2
4591,20,2238,6.4,2
1583,12,11097,6.39,2
15085,12,134349,6.39,2
7779,52,389,6.39,2
14277,26,12886,6.39,2
22733,51,3229,6.39,2
2281,39,5541,6.39,2
1591,12,9021,6.39,2
23433,12,9385,6.39,2
12123,13,5678,6.39,2
2789,52,6545,6.38,2
2156,52,25846,6.38,2
301,13,3246,6.38,2
1337,25,1898,6.38,2
2523,12,7748,6.38,2
1547,96,250,6.38,2
1508,20,5194,6.38,2
3724,26,406,6.38,2
927,51,2691,6.38,2
2700,13,585,6.38,2
30385,12,45400,6.38,2
4443,52,2827,6.37,2
10524,52,574,6.37,2
23897,20,503,6.37,2
4614,22,267,6.37,2
835,13,5782,6.37,2
8011,58,334,6.37,2
5344,20,298,6.37,2
2885,23,713,6.36,2
3834,26,231,6.36,2
2609,14,1578,6.36,2
2155,13,12622,6.36,2
10562,21,227,6.36,2
337,24,7751,6.36,2
9424,26,226,6.36,2
15313,12,8081,6.36,2
8812,28,734,6.35,2
10194,26,371,6.35,2
21997,51,363,6.35,2
577,13,5623,6.35,2
15565,10,49842,6.35,2
4024,13,611,6.35,2
10349,25,369,6.35,2
5475,26,305,6.35,2
2566,24,386,6.35,2
6822,26,317,6.35,2
3290,23,435,6.35,2
8240,26,229,6.35,2
6920,12,14100,6.34,2
693,12,5899,6.34,2
6645,12,32470,6.34,2
10465,12,32171,6.34,2
9587,12,51637,6.34,2
11595,526,447,6.34,2
22215,11,1145,6.34,2
33023,12,30310,6.34,2
11769,12,17103,6.33,2
7405,51,255,6.33,2
2738,26,287,6.33,2
511,13,3424,6.33,2
30652,12,11562,6.33,2
16397,13,53319,6.33,2
21507,12,92269,6.33,2
4599,26,295,6.33,2
6425,16,13591,6.33,2
7334,39,11110,6.32,2
23333,12,80121,6.32,2
9598,11,17934,6.32,2
7723,10,1923,6.32,2
3723,26,360,6.32,2
5725,30,1710,6.32,2
33795,12,5676,6.32,2
4719,12,51170,6.32,2
3877,26,356,6.32,2
445,13,11582,6.32,2
17969,51,680,6.32,2
24699,50,15313,6.31,2
6077,26,328,6.31,2
231,26,4721,6.31,2
25965,52,162,6.31,2
2285,40,2744,6.31,2
31091,12,24377,6.31,2
1628,13,3907,6.31,2
2244,12,1086,6.31,2
309,13,3271,6.3,2
1542,26,5058,6.3,2
3808,36,234,6.3,2
21809,12,33059,6.3,2
1899,26,1342,6.3,2
1188,24,1366,6.3,2
3936,26,606,6.3,2
6523,52,197,6.3,2
6899,29,875,6.3,2
6900,143,536,6.3,2
4584,21,981,6.3,2
346,13,10523,6.3,2
7463,12,7275,6.3,2
10330,46,8662,6.29,2
1157,25,25652,6.29,2
3151,26,666,6.29,2
141,12,7496,6.29,2
1561,12,5825,6.29,2
24417,25,407,6.29,2
7247,52,317,6.29,2
11873,44,178,6.29,2
32039,12,5672,6.29,2
13143,51,1752,6.28,2
841,16,13960,6.28,2
10177,12,2348,6.28,2
3294,35,287,6.28,2
3020,50,259,6.28,2
1139,13,356,6.28,2
838,13,18031,6.28,2
5474,26,233,6.28,2
18767,12,52965,6.27,2
23409,49,374,6.27,2
11547,26,3473,6.27,2
10525,24,314,6.27,2
32309,4,5430,6.27,2
648,13,5200,6.27,2
20053,12,38188,6.27,2
21523,39,690,6.26,2
2823,45,1385,6.26,2
2287,26,2580,6.26,2
20555,12,45748,6.26,2
854,12,14641,6.26,2
31221,16,9410,6.26,2
8216,23,640,6.25,2
1224,13,9268,6.25,2
22547,13,72692,6.25,2
7867,50,917,6.25,2
2545,26,748,6.25,2
5287,53,310,6.25,2
6875,12,17403,6.25,2
24835,13,3598,6.25,2
2567,52,852,6.25,2
9768,726,237,6.25,1
8964,29,751,6.25,2
31994,13,10557,6.25,2
204,12,19138,6.25,2
4444,12,1217,6.25,2
2827,45,2279,6.24,2
3840,12,11974,6.24,2
15883,12,18799,6.24,2
1093,136,552,6.24,2
6918,12,14989,6.24,2
1200,26,3955,6.23,2
28791,12,47587,6.23,2
32083,12,48314,6.23,2
3845,39,240,6.23,2
1885,12,1139,6.23,2
2226,23,278,6.23,2
4616,13,429,6.23,2
21999,51,364,6.22,2
17727,13,1915,6.22,2
1156,4,6017,6.22,2
1955,10,1521,6.22,2
6889,52,298,6.22,2
25967,52,131,6.21,2
1975,22,483,6.21,2
12367,12,27273,6.21,2
22831,23,5568,6.2,2
16211,12,7816,6.2,2
23037,12,18680,6.2,2
2723,24,1514,6.2,2
3434,130,677,6.2,2
1175,13,1377,6.2,2
11919,52,340,6.2,2
5628,39,314,6.19,2
19959,48,236,6.19,2
2824,50,528,6.19,2
10869,52,642,6.19,2
15043,13,5907,6.18,2
2892,52,692,6.18,2
3259,9,567,6.18,2
19769,12,104192,6.18,2
21013,51,3953,6.18,2
545,12,2077,6.18,2
12393,1818,160,6.18,1
7004,52,1016,6.18,2
310,50,1226,6.17,2
5052,56,629,6.17,2
25429,10,63638,6.17,2
10908,10,324,6.17,2
624,12,10979,6.17,2
12677,6,11556,6.17,2
2781,13,1701,6.17,2
2476,12,279183,6.17,0
1349,12,5547,6.16,2
32171,12,21934,6.16,2
32805,26,2886,6.16,2
8409,30,499,6.15,2
3176,26,637,6.15,2
30851,13,210,6.15,2
2245,12,2434,6.15,2
23151,13,10776,6.15,2
4615,52,507,6.15,2
2575,26,411,6.14,2
22099,51,1946,6.15,2
3576,49,4402,6.14,2
1097,13,6176,6.14,2
18365,237,273,6.14,2
22381,10,737,6.14,2
546,13,7778,6.14,2
29974,12,37924,6.13,2
8130,13,210,6.13,2
19871,51,1294,6.12,2
9978,25,236,6.12,2
1167,12,5381,6.12,2
5027,25,2569,6.12,2
18205,12,999,6.12,2
33392,12,10696,6.11,2
29758,12,99460,6.11,2
328,10,5674,6.1,2
21067,12,21006,6.1,2
12145,52,423,6.09,2
3104,26,670,6.09,2
25999,12,1366,6.09,2
3630,25,236,6.09,2
31890,12,7376,6.09,2
1037,6,6177,6.09,2
4264,12,3784,6.09,2
294,13,7833,6.08,2
1947,28,1049,6.08,2
1740,11,627,6.08,2
321,12,9605,6.08,2
28247,24,331,6.08,2
6311,26,357,6.08,2
3205,37,1068,6.07,2
1769,12,2757,6.07,2
22735,51,1632,6.07,2
858,24,2816,6.06,2
31109,12,37238,6.06,2
1991,12,3326,6.06,2
14045,13,19015,6.05,2
1912,13,7962,6.06,2
1711,13,1331,6.06,2
6798,12,487,6.06,2
1226,13,4817,6.06,2
8213,1428,194,6.05,1
3264,8,462,6.05,2
275,9,15114,6.05,2
1098,13,6689,6.05,2
307,39,533,6.04,2
31631,48,6848,6.03,2
32961,13,16766,6.03,2
33775,12,11086,6.01,2
2882,26,1074,6.03,2
15749,30,478,6.03,2
31018,12,1695,6.03,2
24855,12,24338,6.03,2
22835,13,42129,6.03,2
10217,12,4669,6.03,2
31793,12,13654,6.03,2
31790,12,37993,6.02,2
56,13,12286,6.02,2
2382,26,615,6.02,2
1623,13,2606,6.02,2
16317,12,9800,6.02,2
17127,12,1399,6.01,2
17141,5,572,6.01,2
31318,12,66659,6.0,2
8241,13,22396,6.0,2
11763,12,26513,6.0,2
17733,39,586,5.99,2
510,13,3334,5.99,2
15795,38,861,5.98,2
30746,12,7988,5.97,2
9627,5,590,5.97,2
33244,12,11986,5.97,2
16405,12,12917,5.96,2
23551,12,6220,5.95,2
668,13,10399,5.96,2
33985,12,36827,5.95,2
28537,23,17515,5.96,2
23213,13,4037,5.94,2
23229,13,1187,5.94,2
27757,13,176,5.93,2
832,24,1304,5.93,2
3573,40,572,5.93,2
31777,12,623,5.93,2
4823,26,1070,5.93,2
32947,11,30270,5.92,2
1685,26,13012,5.92,2
7561,12,2087,5.92,2
31143,13,18498,5.92,2
786,13,2513,5.92,2
1664,13,1502,5.91,2
2574,52,787,5.91,2
2727,18,1680,5.91,2
26085,12,19761,5.91,2
33746,12,6227,5.89,2
30382,26,11756,5.89,2
2308,13,2009,5.89,2
32454,12,5941,5.89,2
31710,12,83271,5.88,2
1775,12,3080,5.88,2
1712,13,556,5.88,2
1743,14,2476,5.88,2
4908,12,2777,5.87,2
30091,12,62257,5.86,2
33771,12,23469,5.86,2
23259,26,16538,5.86,2
6907,26,258,5.86,2
17267,12,6303,5.85,2
10958,8,4894,5.85,2
21421,26,12783,5.85,2
3736,30,1199,5.85,2
16169,13,16846,5.83,2
31157,25,11717,5.84,2
4104,15,273,5.84,2
4929,12,472,5.84,2
21427,13,3175,5.83,2
1936,12,720,5.83,2
31549,12,1573,5.83,2
21821,12,15758,5.82,2
33274,13,5117,5.82,2
611,24,1091,5.82,2
1442,13,4014,5.81,2
17513,12,107960,5.81,2
6947,12,864,5.81,2
21267,4,7755,5.8,2
32438,12,117090,5.8,2
32595,13,49394,5.8,2
9561,12,803,5.8,2
32608,24,38223,5.79,2
13141,26,6204,5.78,2
4709,26,261,5.76,2
17707,3,773,5.74,2
24011,12,31827,5.73,2
23375,10,982,5.73,2
354,12,6025,5.73,2
28401,13,404,5.72,2
1745,13,339,5.72,2
31904,10,84079,5.7,2
34013,12,1499,5.69,2
20329,10,4608,5.69,2
22225,12,19246,5.69,2
8220,65,240,5.68,2
1656,24,215,5.68,2
1667,13,772,5.67,2
1708,13,747,5.67,2
22955,24,6487,5.64,2
10347,25,792,5.64,2
964,8,3772,5.64,2
18133,15,443,5.64,2
30826,12,3190,5.64,2
33462,12,9367,5.63,2
10360,3,192,5.63,2
31498,13,18420,5.63,2
10838,11,8467,5.62,2
31519,12,15005,5.62,2
2391,52,4825,5.61,2
6525,10,1534,5.6,2
2719,25,3327,5.59,2
17849,12,6654,5.59,2
2364,12,2250,5.59,2
31747,10,252,5.58,2
33803,26,3248,5.56,2
32084,12,1417,5.55,2
23079,13,94108,5.54,2
19755,32,450,5.53,2
2521,13,1377,5.52,2
19207,10,1936,5.51,2
3772,25,2399,5.5,2
30251,6,4974,5.5,2
6131,365,1612,5.48,2
27687,10,335,5.48,2
31439,12,19984,5.48,2
33245,12,2516,5.47,2
32606,13,15364,5.47,2
32697,12,10290,5.46,2
27927,12,8554,5.45,2
7448,18,215,5.42,2
1705,13,798,5.41,2
5304,10,1383,5.39,2
30947,13,1715,5.36,2
15045,8,7597,5.36,2
14563,12,3467,5.36,2
15545,20,870,5.35,2
17353,5,533,5.35,2
30782,12,35004,5.34,2
30948,13,21026,5.33,2
27785,13,929,5.34,2
2362,13,1017,5.32,2
33113,12,12594,5.32,2
33572,12,5027,5.31,2
2232,12,361,5.13,2
600,12,6991,5.13,2
112,8,5555,5.11,2
33975,13,836,5.06,2
29865,13,1785,5.04,2
3112,6,1817,5.0,2
29941,11,8389,4.95,2
32400,12,529,4.94,2
30705,12,19386,4.93,2
31139,12,5888,4.92,2
33690,12,7284,4.86,2
28981,12,14295,4.8,2
31633,13,9096,4.8,2
31578,26,7131,4.71,2
32906,13,4673,4.54,2
33021,12,7365,4.42,2
1812,12,1686,4.27,2
33394,12,3414,3.91,2
19315,12,83652,3.82,2
28929,12,10403,3.63,2
12763,38,147,6.25,2
16696,13,179,5.89,2
27589,26,112,5.61,2
23149,12,122,5.81,2
9433,13,252,5.57,2
11541,38,677,5.29,2
17088,6,180,5.82,2
17086,7,139,5.35,2
17090,26,132,5.5,2
32956,39,115,4.54,2
25717,26,292,7.29,2
11275,52,220,5.63,2
18635,26,195,6.09,2
29836,13,83,4.57,2
29843,12,68,4.09,2
18819,56,119,6.13,2
17671,27,122,6.71,2
20237,16,83,6.5,2
25063,30,66,5.25,2
6520,27,300,6.32,2
8239,22,182,6.11,2
8436,26,324,7.08,2
3844,26,268,5.68,2
34249,26,24,6.5,2
21553,53,63,6.14,2
12951,12,293,5.33,2
22247,60,101,5.6,2
30519,36,355,6.28,2
30156,52,497,5.91,2
31965,52,141,4.77,2
15787,8,292,5.55,2
9284,26,176,5.74,2
18227,6,244,5.78,2
24875,52,61,6.33,2
17687,19,107,6.67,2
19547,26,91,4.85,2
9955,52,115,6.54,2
9613,59,254,6.46,2
3909,75,250,6.68,2
5478,68,153,6.1,2
29373,4,46,4.2,2
8520,32,102,5.22,2
8521,22,96,4.77,2
9812,48,109,6.0,2
24793,26,170,5.26,2
18191,12,141,6.4,2
30892,26,128,4.73,2
8184,39,140,6.58,2
8183,26,171,6.58,2
8182,156,184,6.65,2
3637,52,295,6.32,2
29467,8,48,7.6,2
9540,20,119,7.13,2
10210,51,146,6.3,2
9905,26,208,6.46,2
23721,26,99,6.93,2
9868,180,144,6.04,2
17893,13,149,6.78,2
9903,15,87,5.77,2
8025,41,185,5.63,2
11733,34,114,5.08,2
8501,26,133,6.36,2
32417,25,39,5.5,2
32418,25,36,4.33,2
32419,25,36,4.43,2
9383,39,147,7.83,2
30060,26,56,5.33,2
29385,10,49,5.8,2
22755,12,112,4.28,2
16303,23,103,6.0,2
14623,26,87,5.78,2
17457,26,80,6.75,2
5908,56,222,6.15,2
33262,52,63,4.5,2
31246,39,168,6.79,2
31211,26,86,7.2,2
6636,22,364,6.32,2
21433,13,178,4.52,2
23511,32,162,5.72,2
8853,25,168,6.62,2
32944,39,318,4.53,2
13503,12,77,6.9,2
13505,11,78,5.78,2
32630,50,54,6.14,2
7956,39,162,6.19,2
29469,9,50,5.75,2
10887,26,109,6.07,2
17703,78,557,6.25,2
23799,50,74,7.3,2
30893,6,163,4.0,2
7750,26,143,6.0,2
31746,16,85,5.09,2
19121,2,152,6.15,2
3825,163,301,6.49,2
15957,26,84,5.62,2
21485,26,63,6.29,2
30034,13,57,6.5,2
8879,3,127,5.58,2
19901,21,71,6.75,2
6771,49,179,6.98,2
24663,115,104,7.5,2
20077,283,75,6.75,2
20083,20,79,6.0,2
8478,20,151,5.68,2
20009,100,98,6.92,2
31555,13,155,6.79,2
29687,51,486,5.19,2
8179,51,105,5.45,2
20201,25,87,5.2,2
9028,22,173,6.37,2
28087,50,99,5.25,2
27369,100,53,5.0,2
30026,50,39,6.5,2
3243,13,96,6.55,2
33792,26,24,8.0,2
19997,26,78,6.0,2
32691,26,291,5.24,2
18005,26,102,6.44,2
30173,13,134,5.52,2
10533,13,275,5.75,2
10997,13,165,5.72,2
23973,71,56,5.0,2
30342,130,123,6.86,2
22345,12,77,3.92,2
33842,25,24,8.5,2
17623,130,85,4.86,2
30118,84,40,4.75,2
25503,26,151,5.89,2
5594,13,112,5.95,2
23607,22,72,5.0,2
9345,33,341,6.53,2
12243,26,144,5.85,2
23347,260,61,6.7,2
20199,77,62,6.67,2
20755,26,134,6.13,2
26163,26,111,4.56,2
31753,10,114,6.29,2
8897,13,139,5.65,2
16908,102,97,5.83,2
10995,4,84,5.75,2
31237,6,70,5.36,2
20243,199,102,7.07,2
8158,7,205,6.23,2
20115,17,107,7.17,2
4470,56,182,6.3,2
25609,15,56,6.17,2
25611,10,53,6.0,2
25615,10,53,6.0,2
10540,22,189,5.5,2
19501,39,106,5.5,2
9391,26,207,6.54,2
31385,92,79,6.38,2
27621,14,273,6.02,2
23107,50,198,7.17,2
7177,32,181,6.5,2
30410,26,141,5.92,2
31699,225,135,6.0,2
5477,25,178,7.0,2
27521,61,163,5.6,2
30602,6,73,4.75,2
16027,39,275,6.57,2
19457,26,77,5.43,2
8195,101,157,6.53,2
26089,5,44,6.67,2
8764,39,129,6.46,2
8763,77,170,6.47,2
18937,101,120,6.85,2
29507,4,42,6.0,2
20239,25,71,6.5,2
9811,43,109,6.75,2
11545,16,200,5.68,2
15913,46,117,7.15,2
17667,70,98,6.44,2
9807,140,93,6.06,2
3251,50,190,5.54,2
10539,22,168,3.62,2
10623,13,359,7.06,2
23015,26,61,5.8,2
27693,77,150,6.36,2
33562,12,216,7.6,2
19961,46,156,6.77,2
24465,42,61,6.86,2
9770,26,210,5.67,2
11521,13,201,5.84,2
22439,13,110,5.94,2
22441,27,115,6.38,2
11203,104,101,6.33,2
15479,26,144,6.32,2
2694,25,608,6.27,2
9882,41,344,7.14,2
7175,12,179,6.17,2
22821,38,105,6.7,2
13207,9,126,5.37,2
18241,38,112,7.0,2
13431,38,151,6.62,2
21549,13,85,4.88,2
11213,260,117,6.76,2
8191,26,160,6.07,2
3414,78,168,6.09,2
9950,13,170,7.4,2
19681,26,157,6.63,2
9781,20,155,6.37,2
9902,20,73,6.0,2
9518,13,274,6.9,2
3164,13,260,7.1,2
20079,39,87,7.33,2
20081,46,75,5.75,2
21053,10,95,5.44,2
19965,12,72,5.63,2
19947,26,167,7.23,2
8786,104,184,6.8,2
14211,312,155,6.68,2
10847,4,332,5.47,2
11421,13,118,5.04,2
20025,240,82,7.33,2
28071,16,96,5.75,2
29367,15,49,7.0,2
3947,64,323,7.11,2
24041,10,57,8.33,2
6701,26,169,6.1,2
17291,52,188,6.94,2
28145,130,74,6.86,2
11857,27,128,6.68,2
10889,31,127,6.8,2
29748,12,46,6.33,2
29746,25,42,5.67,2
10965,34,98,6.73,2
29529,26,85,7.17,2
10236,52,129,5.94,2
29527,65,87,7.5,2
30777,13,262,4.9,2
19087,195,101,5.65,2
8899,65,213,6.49,2
19987,105,71,6.75,2
19505,31,98,7.0,2
13769,23,202,6.89,2
19993,54,64,6.2,2
20123,130,75,5.43,2
8065,50,208,6.37,2
5140,20,159,7.05,2
7479,47,301,7.35,2
20127,59,79,6.5,2
9371,26,176,5.14,2
27721,26,236,6.64,2
27723,26,104,6.36,2
22651,6,71,6.62,2
8353,13,270,5.04,2
10237,26,81,5.92,2
3870,26,261,7.25,2
7525,26,135,6.5,2
19995,26,88,5.0,2
6012,13,275,6.53,2
31071,5,234,4.14,2
32448,1306,59,6.43,1
23349,1565,116,5.56,1
30048,13,55,4.2,2
19585,63,160,6.72,2
34503,24,75,3.4,2
6261,26,153,6.42,2
23829,24,76,5.17,2
29738,10,75,5.47,2
27519,12,236,5.53,2
17599,26,72,5.75,2
29745,60,43,6.0,2
29759,51,45,4.67,2
7189,26,291,5.07,2
8595,52,102,6.18,2
33123,12,39,3.8,2
31239,240,74,6.75,2
20117,773,110,5.63,1
6571,12,375,5.9,2
5886,23,158,6.53,2
11197,30,79,6.3,2
17669,46,95,6.88,2
5809,51,380,6.44,2
22465,48,339,6.03,2
19325,52,65,7.43,2
20603,7,66,4.58,2
7681,60,138,6.5,2
27393,28,62,5.75,2
31673,34,92,7.05,2
31674,26,60,7.09,2
29003,13,69,5.33,2
31054,76,104,5.05,2
18155,50,369,6.18,2
13177,50,131,6.57,2
13179,50,103,6.3,2
13465,12,102,6.25,2
17102,26,84,5.6,2
23901,22,293,5.58,2
30057,13,44,4.2,2
27965,24,52,6.0,2
4905,26,222,5.47,2
16131,31,239,6.22,2
15915,33,140,5.3,2
30906,12,34,5.33,2
26087,15,59,7.4,2
12185,52,72,6.56,2
11525,13,95,6.55,2
3180,52,175,6.5,2
10136,100,140,6.67,2
10135,305,169,6.36,2
10138,110,162,6.68,2
20183,46,141,6.87,2
23001,365,71,6.91,2
20231,51,84,6.14,2
33300,88,37,6.5,2
11829,46,169,7.15,2
10137,102,115,6.74,2
9856,46,122,6.17,2
10709,25,86,6.67,2
11245,52,114,6.2,2
22509,40,188,7.55,2
10282,12,174,5.95,2
19873,47,73,6.2,2
33383,26,53,8.0,2
10239,33,76,5.38,2
9821,5,90,6.79,2
6727,28,125,6.36,2
4121,40,214,6.44,2
30027,39,42,8.0,2
21447,12,162,5.52,2
3846,26,160,6.08,2
7751,52,328,6.9,2
7452,66,146,4.78,2
31410,26,373,6.1,2
5374,225,145,5.28,2
16159,52,108,5.43,2
6067,24,252,7.33,2
5241,11,220,4.67,2
29387,5,42,5.8,2
11533,51,150,6.35,2
22893,13,137,6.71,2
31924,20,39,4.8,2
2741,25,245,7.13,2
22221,1274,112,6.8,1
30117,18,35,5.67,2
20173,26,66,4.57,2
12613,52,76,5.42,2
20001,90,80,6.33,2
12391,34,103,7.1,2
2735,52,161,5.33,2
9948,52,147,6.23,2
29371,41,43,4.75,2
33583,52,36,6.0,2
27943,52,519,7.08,2
29715,26,2124,5.02,2
32136,54,46,4.83,2
5184,48,136,7.25,2
31361,13,133,6.67,2
32999,12,234,3.63,2
23555,52,297,5.38,2
31562,12,141,6.5,2
23737,51,308,7.13,2
29844,12,46,4.55,2
30409,26,38,7.67,2
20027,26,133,6.73,2
12181,12,131,6.67,2
8890,16,359,6.64,2
8891,16,187,6.57,2
25059,40,62,5.88,2
31517,475,146,5.5,2
21491,13,75,6.56,2
9455,30,134,6.41,2
22999,5,62,5.4,2
8777,13,190,5.96,2
17601,263,95,6.84,2
18573,26,64,6.25,2
23013,26,94,6.0,2
16393,50,114,7.17,2
3514,12,406,6.9,2
5089,13,156,6.48,2
31019,43,112,5.8,2
29740,26,38,5.33,2
21019,26,60,6.17,2
22849,12,414,5.62,2
9810,83,169,6.75,2
19305,25,280,5.44,2
30144,13,152,5.1,2
20075,164,85,6.47,2
34358,13,29,6.67,2
34363,13,20,8.0,2
9070,156,118,7.36,2
18469,26,99,5.75,2
7575,26,201,6.17,2
25139,22,70,6.38,2
8415,39,176,6.48,2
16530,103,250,7.77,2
8799,34,128,6.9,2
17624,39,81,6.89,2
29846,32,240,5.25,2
2742,26,195,5.68,2
22541,12,150,4.98,2
20085,15,75,6.8,2
17521,86,164,5.65,2
21539,52,87,6.63,2
19831,36,102,7.13,2
25809,14,101,5.71,2
8999,52,143,7.15,2
20023,26,62,6.83,2
30025,30,39,6.33,2
14213,312,146,6.11,2
23011,156,86,6.6,2
17467,156,158,7.2,2
7106,52,287,6.57,2
28089,31,51,6.0,2
13165,52,113,4.0,2
28595,52,212,5.47,2
7960,23,223,6.44,2
30417,26,131,3.6,2
10953,85,71,6.38,2
3879,13,216,6.19,2
24121,26,56,5.6,2
33310,24,44,6.6,2
12359,26,147,5.35,2
4331,100,377,6.7,2
10856,52,98,6.27,2
10855,50,101,6.88,2
32660,26,78,8.14,2
3458,65,153,6.05,2
15897,52,102,6.83,2
31464,29,39,5.0,2
30386,13,483,5.8,2
20005,156,66,5.71,2
17423,33,111,6.33,2
5018,23,251,5.06,2
3769,13,198,6.56,2
17613,52,93,5.22,2
27451,52,62,5.57,2
27455,52,60,5.42,2
27457,26,65,5.25,2
27459,26,66,5.63,2
27461,13,53,5.31,2
27453,14,55,5.36,2
16650,143,108,6.77,2
9426,51,148,5.9,2
9533,51,102,5.86,2
10459,11,496,5.49,2
11589,11,184,5.79,2
15873,26,94,7.13,2
15905,37,273,8.43,2
33630,26,67,7.2,2
9438,48,233,6.22,2
16526,21,103,6.67,2
10607,24,182,6.64,2
19467,26,241,6.13,2
3372,6,109,5.21,2
13459,24,93,4.83,2
6195,26,269,6.0,2
3073,52,94,6.0,2
15069,13,73,5.17,2
31898,26,51,4.85,2
32221,26,45,5.45,2
4547,26,125,5.0,2
20147,50,71,6.17,2
29375,40,45,5.0,2
19875,104,108,6.54,2
20003,110,64,6.75,2
7211,26,133,6.4,2
9061,50,158,6.89,2
30138,25,51,7.67,2
31547,5,54,8.8,0
8685,52,102,5.59,2
4940,26,212,7.16,2
5997,52,494,7.1,2
29471,12,62,6.0,2
4574,50,219,6.64,2
3869,100,186,6.65,2
5810,11,254,5.93,2
21483,27,72,7.33,2
27681,13,57,6.0,2
4684,26,160,7.13,2
30028,4,103,6.71,2
10241,1006,153,5.92,1
25607,10,50,6.2,2
8041,23,213,5.76,2
28887,26,93,4.5,2
27811,26,151,7.19,2
1739,80,369,6.27,2
33538,26,92,6.0,2
18939,101,87,6.6,2
9885,72,110,5.29,2
21487,30,75,7.18,2
23393,73,103,6.48,2
15875,52,165,6.77,2
16486,23,145,6.91,2
7980,70,124,5.78,2
17315,10,69,7.0,2
22997,26,68,6.25,2
15579,24,163,6.0,2
22313,13,103,5.67,2
10633,22,114,5.35,2
29401,3,48,4.71,2
29389,6,44,6.5,2
19981,14,65,7.0,2
8829,37,188,6.0,2
8832,25,125,5.63,2
13307,65,189,5.29,2
7639,24,114,6.12,2
20223,20,94,7.0,2
17211,22,246,7.28,2
10541,11,251,5.32,2
11609,11,130,5.52,2
13551,56,143,6.27,2
1863,26,235,5.92,2
11405,12,116,6.11,2
28019,4,50,5.75,2
19999,162,72,7.18,2
10774,51,166,6.47,2
8143,39,123,5.0,2
33188,8,101,3.0,2
11497,26,86,7.0,2
3822,26,214,6.49,2
17619,21,98,6.71,2
3451,26,151,6.25,2
18447,26,171,7.33,2
10989,12,113,5.61,2
9906,40,116,6.27,2
3885,26,315,6.61,2
6482,26,203,6.95,2
6481,26,228,5.88,2
4553,13,217,5.67,2
24969,8,108,4.07,2
6583,44,158,6.55,2
6981,21,187,7.19,2
16454,20,147,5.91,2
34490,30,12,3.0,2
2701,104,104,6.69,2
9562,26,124,5.63,2
32590,26,38,4.0,2
3937,77,156,6.75,2
29485,12,38,8.25,2
31691,25,40,6.1,2
19843,29,207,7.0,2
30232,26,187,6.75,2
15865,49,212,6.41,2
17487,39,76,6.5,2
19989,52,77,5.6,2
29425,4,43,7.0,2
2930,12,88,4.33,2
19445,151,137,7.33,2
23915,52,117,5.08,2
22065,52,84,5.9,2
7629,26,78,6.5,2
31892,26,90,5.75,2
31893,26,57,7.0,2
7955,52,216,7.09,2
9949,100,76,6.17,2
9956,52,58,5.5,2
8189,26,313,6.38,2
29369,10,41,5.5,2
19991,132,72,7.63,2
20125,21,76,5.17,2
29473,3,37,6.67,2
29209,26,40,7.5,2
10242,13,63,6.54,2
20233,60,95,6.33,2
6730,42,120,6.94,2
5278,25,255,6.57,2
2366,25,303,6.4,2
18137,26,164,6.1,2
20087,5,96,3.82,2
6917,43,189,7.13,2
5473,36,149,6.78,2
9175,49,89,5.54,2
19311,52,67,6.25,2
3975,141,265,6.68,2
6989,52,154,6.27,2
10224,26,229,6.6,2
12897,44,138,6.54,2
12887,96,122,6.22,2
19985,52,70,5.0,2
10815,21,144,6.08,2
8345,26,143,6.38,2
34078,13,32,7.0,2
10250,119,102,5.52,2
8753,26,181,6.92,2
12835,26,92,6.53,2
32580,26,35,6.75,2
6658,13,300,3.25,2
33085,13,52,6.2,2
4598,156,141,5.78,2
30131,13,67,4.57,2
30605,125,90,4.6,2
33083,26,30,4.75,2
33084,26,28,5.67,2
17106,24,90,5.33,2
2708,26,95,5.71,2
12139,35,158,6.56,2
6868,26,171,6.13,2
29747,20,38,6.0,2
22219,26,57,8.67,0
22503,10,209,5.92,2
29099,24,86,5.45,2
30875,44,69,5.5,2
9952,26,196,6.4,2
19839,26,86,8.22,2
12039,45,208,7.13,2
31696,24,42,4.71,2
4088,52,260,6.73,2
12809,30,72,6.78,2
7419,50,145,6.32,2
31701,26,54,6.25,2
12091,25,199,5.94,2
32230,52,89,8.07,2
9822,26,252,6.33,2
31700,14,45,5.86,2
30140,26,45,6.33,2
32807,104,39,5.67,2
32820,52,35,6.33,2
32819,104,35,5.67,2
32821,52,35,5.67,2
32818,104,36,6.33,2
31177,3,149,4.0,2
10554,25,292,7.15,2
12793,39,74,5.82,2
30116,80,38,7.33,2
10705,26,163,6.36,2
10706,26,109,6.38,2
33933,17,369,4.44,2
5468,14,141,6.5,2
28201,13,93,5.45,2
25589,13,53,6.5,2
27467,6,62,5.47,2
12781,47,88,5.62,2
23351,25,153,8.0,2
7625,26,184,5.78,2
12771,130,102,6.09,2
3500,26,116,7.0,2
5841,12,160,5.92,2
12767,39,103,6.44,2
6448,52,242,6.49,2
18983,26,93,3.83,2
12765,26,109,6.36,2
5821,30,152,6.44,2
9520,38,181,6.43,2
9522,28,137,5.23,2
5234,13,284,6.22,2
23313,33,76,5.82,2
10987,51,135,6.55,2
22709,19,66,7.0,2
31698,64,67,4.8,2
31427,52,172,7.17,2
13167,26,109,5.57,2
7808,23,172,6.47,2
13455,32,120,7.0,2
